CareerVillage,,A website where students can ask professionals questions about their work and career paths. ,,,www.careervillage.org,x,,,,,x,,,,x,x ,,,x ,,,,,,,,,,,,,,x,,,,,,,,,,,,,,,X,,,,,,
College Application Checklist,,A checklist that helps students and advisors keep track of the tasks that have to be accomplished in order to complete the college application process. ,,,http://professionals.collegeboard.com/profdownload/College%20Application%20Checklist%204A.pdf,x,,,,,x,,,,,,,x,,,,,,x,,,,,,,,,x,,,,,,,,x,,,,,,,X,,,,,,
NYCDOE Guidance Portal ,,"A site that provides college & career planning resources, and posts information about upcoming  college-related events for guidance counselors and their students.",,,http://schools.nyc.gov/Teachers/guidance/PostSecondary/default.htm,x,,,,,x,,,,x,,x,,,,,,,,,x,,x,,,,,x,,,,,,,,,,,,,,,X,,,,,,
The Center for Student Opportunity,,"A site that strives to empower underserved, first-generation college students to and through college by providing critical information, guidance, scholarships, and ongoing support.(FROM SITE)",,,http://www.csopportunity.org/,x,,,x,,x,,,,x,,,,,,,,x,x,,,,,,,,,x,,,,,,,,,,,,,,,X,,,,,,
The Common Application,,"A standardized undergraduate college application form used by 488 institutions, designed to make applying to college easier for students. ",,,https://www.commonapp.org/CommonApp ,x,,,,,x,,,,x,,x,,,,,,,,,x,,,,,,,x,,,,,,,,,,,,,,,X,,,,,,
Scholarships4Students ,,A website that serves as a research tool to show available scholarships for pre-college and college students. ,,,http://www.scholarships4students.com/,x,,,,,x,,,,x,x,x,,,,,,x,,,,,x,,,,,x,,,,,,,,,,,,,,,X,,,,,,
WetFeet,,"A website that equips job seekers with the advice, research, and inspiration they need to plan and achieve a successful career. (FROM SITE) ",,,www.wetfeet.com,x,,,,,x,,,,,,x,,,,,,,,,,x,,,,,x,x,,,,,,,,,,,,,,,X,,,,,,
WiseChoice,,"A free online resource that helps match students with their ideal colleges based on personality, academics and budget.  In addition, it helps students find scholarships, explore careers, and stay organized during the application process.  (ADAPTED FROM SITE) ",,,http://www.wisechoice.com,x,,,,,x,,,,x,x,,x,,,,,,x,x,,,,,,,,x,,,,,,,,,,,,,,,X,,,,,,
CUNY ,,"The official website of the City University of New York (CUNY).  It provides frequent updates about news and events at CUNY, and allows current and future students to find information about admissions, academics, and financial aid. ",,,http://www.cuny.edu/index.html ,x,x,,,,x,,,,x,x,x,x,x,,,,,,,,,,,,,,x,,,,,,,,,,,,,,,X,,,,,,
The College Navigator,,"A website that guides high school students and their parents through the entire college process, with the goal of maximizing the student's college experience while minimizing the cost of college.  (ADAPTED FROM SITE) ",,,http://thecollegenavigator.com/,x,x,x,,,x,,,,x,x,,,x,,,,,x,,,,,,,,,x,,,,,,,,,,,,,,,X,,,,,,
YOUniversityTV,,"A website that offers college and career exploration videos, as well as other resources to help students connect to other students and share their stories.",,,http://www.youniversitytv.com/,x,x,x,,,x,x,,,x,,x,x,,,,,,,x,x,,,,,,,x,,,,,,,,,,,,,,,X,,,,,,
KnowHow2GO,,"A website that provides detailed, step-by-step information about how to prepare for college.  It includes resources for both middle and high school students.  ",,,http://www.knowhow2go.org/about.php,x,,,,,x,,,,x,,,,,,,,x,,,,,,,,,,x,,,,,,,,x,,,,,,,X,,,,,,
SUNY Application,,The undergraduate admission application accepted by 52 of 64 campuses of the State University of New York (SUNY). ,,,http://www.suny.edu/student/paper_app.cfm ,,x,,,,x,,,,x,x,x,,,,,,x,,,,,,,,,,x,,,,,,,,,,,,,,,X,,,,,,
College Search at The College Board ,,A searchable database of colleges that helps students decide which schools might be best for them. ,,,https://bigfuture.collegeboard.org/college-search,x,,x,,,x,,,,x ,,x,,,,,,x,,,,,,,,,,x,,,,,,,,x,,,,,,,X,,,,,College Board,
Naviance,,A college and career readiness platform that helps connect academic achievement to post-secondary goals.  Naviance tools are accessible to those students who have access through their schools or through a program in which they are enrolled.,,,http://www.naviance.com/,x,,,,x,x,,,,x,x,x,,,,,,x,,x,,,,,,,,x,,,,,,,,,,,,,,,X,,,,,,
20 Questions to Ask Your School Counselor,,A list of questions for high school students to ask their school counselors about how to prepare for college and careers. ,,,https://bigfuture.collegeboard.org/get-started/building-support-network/20-questions-to-ask-your-school-counselor,x,,,,,x,,,,x,x,,,,,,,,x,x,,,,,,,,x,,,,,,,,x,,,,,,,X,,,,,,
"""College Bound: Middle School Counts!"" Video",,A video that includes professionals discussing the importance of middle school in preparing for college.,,,http://www.uctv.tv/search-details.aspx?showID=4758 ,x,,,,,,x,,,,,,,x,,,,,,,,,,,,,,x,,,,,,,,,,,,,,,X,,,,,,
CUNY Counselor Corner,,"The hub for all CUNY admission information. Advisors and counselors can find admission updates, counseling resources, and links to RSVP to upcoming counselor events. (ADAPTED FROM SITE)",,,http://www.cuny.edu/admissions/undergraduate/counselor-corner.html,x,,,,,x,,,,,,,x,,,,,,x,,,,,,,,,x,,,,,,,,,,,,,,,X,,,,,,
My counselor pushed me to reach my goal ,,Video of a college senior describing how her counselor got her on the right track to pursue her interest in forensic science. ,,,https://bigfuture.collegeboard.org/get-started/video-transcription/my-counselor-pushed-me-reach-my-goal,x,,,,,,x,,x,,,x,,,,,,x,x,,,,,,,,,x,,,,,,,,,,,,,,,X,,,,,,
My sister encouraged me to focus on what I wanted,,"Video of a college senior explaining her college search, and how she focused on what she wanted out of college for herself. ",,,https://bigfuture.collegeboard.org/get-started/video-transcription/my-sister-encouraged-me-focus-what-i-wanted,x,,,,,,x,,,x,,x,,,,,,,x,,,,,,,,,x,,,,,,,,,,,,,,,X,,,,,,
Where should you look for role models?,,Video of a guidance counselor sharing advice about how students can connect to people who will support their dreams. ,,,https://bigfuture.collegeboard.org/get-started/video-transcription/where-should-you-look-for-role-models,x,,,,x,,x,,,x,,x,,,,,,,x,,,,,,,,,x,,,,,,,,,,,,,,,X,,,,,,
How can you turn interests into career ideas?,,Video of a high school counselor giving advice on connecting the dots between interests and potential careers. ,,,https://bigfuture.collegeboard.org/get-started/video-transcription/how-can-you-turn-interests-into-career-ideas ,x,,,,x,,x,,,x,,x,,,,,,,x,,,,,,,,,x,,,,,,,,,,,,,,,X,,,,,,
What's the best thing about college?,,Video of the Dean of Admissions at MIT giving advice on how to take advantages of all the opportunities available to students in college. ,,,https://bigfuture.collegeboard.org/get-started/video-transcription/whats-the-best-thing-about-college ,x,,,,x,,x,,,x,,x,,,,,,,x,,,,,,,,,x,,,,,,,,,,,,,,,X,,,,,,
Where can you find a mentor?,,"Video describing where students can find mentors, and why it is important to have supporters. ",,,https://bigfuture.collegeboard.org/get-started/video-transcription/where-can-you-find-a-mentor,x,,,,x,,x,,,x,,x,,,,,,,x,,,,,,,,,x,,,,,,,,,,,,,,,X,,,,,,
It didn't feel funny starting college late ,,"Video of a college sophomore who had to postpone college, but who is now on her way to her dream career. ",,,https://bigfuture.collegeboard.org/get-started/video-transcription/didnt-feel-funny-starting-college-late ,x,,,,,,x,,,,x,,,,,,,,x,,,,,,,,,x,,,,,,,,,,,,,,,X,,,,,,
Idealist,,"A website with a searchable database for jobs, internships, and volunteer opportunities, primarily with non-profit oganizations.",,,www.idealist.org ,,,,,x,x,,,,,,x,,,,,,,,,,x,,,,,,x,,,,,,,,,,,,,,,X,,,,,,
ASAP Summer Institute Videos ,,"Videos documenting the ASAP orientation program, which familiarizes students with college expectations and builds community amongst ASAP students and staff.  ASAP, which stands for Accelerated Study in Associate Programs, is a program for students at CUNY community colleges. ",,,http://www.cuny.edu/academics/programs/notable/asap/about/summerinstitute.html,,,,x,x,x,,,,,,x,,,,,,,,,,,,,,,,x,,,,,,,,,,,,,,,X,,,,,,
"""College Bound:  A Plan for Achieving in High School"" Video",,A video designed to aid parents in preparing their middle school and high school children for college entry.,,,http://www.uctv.tv/search-details.aspx?showID=5171 ,x,,,,,,x,,,x,,,,x,,,,,,,,,,,,,,x,,,,,,,,,,,,,,,X,,,,,,
"""College Bound: Admissions and Financial Aid"" Video ",,A video that discusses admission procedures and financial aid for college bound students.,,,http://www.uctv.tv/search-details.aspx?showID=5251 ,,,x,,,,x,,,,,x ,,,,,,,,,,,x,,,,,x,,,,,,,,,,,,,,,X,,,,,,
"""College Bound: Communicate With Your School"" ",,A video in which experts discuss strategies for maintaining good communication between schools and parents of middle and high school students.,,,http://www.uctv.tv/search-details.aspx?showID=6491 ,x,,,,,,x,,,x,,,,x,,,,,,,,,,,,,,x,,,,,,,,,,,,,,,X,,,,,,
ASVAB Career Exploration Program,,"A program that is a comprehensive career exploration and planning program that includes a multiple aptitude test battery, an interest inventory, and various career planning tools designed to help students explore the world of work. ",,,http://www.asvabprogram.com/index.cfm?fuseaction=overview.main,x,,,,,x,,,,x,,x,,,,,,,,,,x,,,,,,x,,,,,,,,,,,,,,,X,,,,,,
College Atlas,,A college search site designed to help students find the best college suited towards their needs. ,,,http://www.collegeatlas.org/,x,x,,,,x,,,,x,,x,,,x,,,,,x,x,,,,,,,x,,,,,,,,,,,,,,,X,,,,,,
www.apiasf.org,,"A website/organization that provides scholarships, as well as, college and professional development opportunities for Asian & Pacific Islander American students.",,,www.apiasf.org,,,x,,,x,,,,x,,,,,,,,,,,,x,x,,,,,x,,,,,,,,,,,,,,,X,,,,,,
Optimal Resume/Optimal Interview ,,"www.OptimalResume.com is a website that helps job seekers hone their interviewing skills online with real-to-life, multi-media interview scenarios that were developed by seasoned employment professionals. ",,,https://www.optimalresume.com/optimalinterview.html,,,,x,x,x,,,,,,x,,,,,,,,,,x,,,,,x,x,,,,,,,,,,,,,,,X,,,,,,
nycolleges.org,,"NYColleges.org is a website that provides information and resources for college planning, specifically for private colleges in New York. Students can find information about private colleges and financial aid.",,,http://nycolleges.org/,x ,x ,x ,,,x,,,,x,,,,,,,,,x,x,x,,,,,,,x,,,,,,,,,,,,,,,X,,,,,,
NYSFAA,,"The New York State Financial Aid Administrators Association is an organization that offers education, professional development, and networking opportunities for professional members and for colleagues in related education, business, and governmental professions.",,,http://www.nysfaaa.org/index.html,,,x,,,x,,,,,,,x,,,,,,,,,,x,,,,x,x,,,,,,,,,,,,,,,X,,,,,,
Meritaid.com ,, A directory of merit scholarships and academic scholarships from colleges across the country for students and guidance counselors.  ,,,http://www.meritaid.com/,,,x,,,x,,,,x,,x,,,,,,,,,,,x,,,,,x,,,,,,,,,,,,,,,X,,,,,,
US News: Education,," A website that offers detailed information on colleges, grad schools, high schools, online education, and universities worldwide for students. It includes school rankings across different catagories such as major, school size, etc.",,,http://www.usnews.com/education,x,,,,,x,,,,x,,x,x,x,,,,,,x,,,,,,,x,x,,,,,,,,,,,,,,,X,,,,,,
Washington Post Answer Sheet Blog,,A blog helping parents get themselves and their children through the college admission process and helping teachers with issues encountered in the classroom and changes in education policy that affects their teaching.  ,,,http://www.washingtonpost.com/2011/02/22/ABV7qSI_category.html?blogId=answer-sheet&cat=College%20Admissions,x,x,,,,x,,,,,,,,x,,,,,x,x,x,,,,,,,x,,,,,,,,,,,,,,,X,,,,,,
The College Solution,,"A blog that features articles about college admissions, academics, college life, financial aid and planning, research on college rankings and evaluating schools for students. The author, Lynn O'Shaughnessy, is a best selling author, education consultant, speaker, financial journailst and mother. ",,,http://www.thecollegesolution.com/ ,x,x,x,,,x,,,,,,,,x,,,,,x,x,x,,x,,x,,,x,,,,,,,,,,,,,,,X,,,,,,
You can go,,"A website created by The College Board containing college planning tips and tools for finding the right college match, completing applications and preparing for SAT's AP exams, PSAT/NMSQT exams. The site also has lots and lots of original videos of real college students talking about their challenges and success. ",,,http://youcango.collegeboard.org/,x,x,,,,x,,,,x,x,,x,x,,,,,,x,x,,x,,,,,x,,,,,,,,,,,,,,,X,,,,,,
Know how to go ,,"Created by  The American Council on Education, Lumina Foundation for Education and the Ad Council, KnowHow2Go, gives step by step infromation to 8th - 10th graders on how to find the right college match, apply, finance and enroll in college.                                                                                                         <br/> The American Council on Education, Lumina Foundation for Education and the Ad Council launched the KnowHow2GO campaign in January 2007. This multiyear, multimedia effort includes television, radio and outdoor public service advertisements (PSAs) that encourage 8th through 10th graders to prepare for college using four simple steps.<br/>The Four Steps to College<br/><ul>    <li>Be a pain - Let everyone know that you're going to college and need their help.</li>    <li>Push yourself - Working a little harder today will make getting into college even easier.</li>    <li>Find the right fit - Find out what kind of school is the best match for you and your career goals.</li>    <li>Put your hands on some cash - If you think you can't afford college, think again. There's lots of aid out there.</li></ul>To ensure that students and adult mentors who connect with the powerful messages of the PSA campaign can easily find real-time, on-the-ground assistance, we have built and continue to support a strong grassroots network of partners. To date, 15 state and regional coalitions and 30 national partners have signed onto the campaign.",,,http://www.knowhow2go.org/,x,x,x,,,x,,,,x,,,x,x,,,,,x,x,x,x,x,,,,,x,,,,,,,,,,,,,,,X,,,,,,
Education Planner,,"A College and career planning website provided by the Pennsylvania Higher Education Assistance Agency (PHEAA) for students. The website has self-assesments, information on standardized tests, college search tools, college cost guides information for college advisers on setting up mentoring programs, career exploration activities and aligning work with ASCA standards.",,,http://www.educationplanner.org/,x,x,x,,,x,,,,x,,,x,x,,,,,x,x,x,x,x,,,,,x,,,,,,,,,,,,,,,X,,,,,,
Princeton Review,,"A college research website that contains information about test prep, finding your ﾓdream schoolﾔ, exploring careers and college profile links to request information from featured schools for prospective students.",,,http://www.princetonreview.com/college-education.aspx,x,x,,,,x,,,,x,,x,x,x,,,,,,x,x,x,,x,,,,x,,,,,,,,,,,,,,,X,,,,,,
The University Review,,"A website containing reviews of colleges and universities for students, by students.",,,http://www.theuniversityreview.com/,x,,,,,x,,,,x,,x,,x,,,,,,x,,,,,x,,,x,,,,,,,,,,,,,,,X,,,,,,
FAFSA,,A financial aid application process where aid is based on your family income. ,,,www.Fafsa.ed.gov/ ,,x,x,,,x,,,x,x,x,x,,,,,,,,,,,x,,,,,x,,,,,,,,,,,,,,,X,,,,,,
HSF.net,,A foundation that offers scholarship opportunities and resources to help address the barriers that keep many Latinos from earning a college degree.,,,http://hsf.net/default.aspx,x,x,x ,,x,x,,,,x,x,x,x,x,,,,,,,x,,x,,,x,,x,,,,,,,,,,,,,,,X,,,,,,
DYCD Youth Connect,,"A free and confidential information service that connects youth to jobs, afterschool programs and training opportunities for youth, adolescents, adults and families.   ",,,http://www.nyc.gov/html/dycd/html/youth_connect/youth_connect.shtml,,,x,x,,x,,,,x,x,x,,x,x,x,x,x,,,,x,x,x,,,,x,,,,,,,,,,,,,,,X,,,,,,
FAFSA Hooray!,,A hip hop video from Charta Squad with specifics about filing the FAFSA designed to better inform students.,,,http://www.youtube.com/watch?v=e2d7IfFgxTs,,,x,,,,x,,,x,x,,,,,,,,,,,,x,,,,,x,,,,,,,,,,,,,,,X,,,,,NYS Higher Education Services Corporation,
NPEA,,"A membership organization aims help to underrepresented students with academic preparation, placement services and counseling, and ongoing support to ensure enrollment at and graduation from college.",,,http://www.educational-access.org/index.php ,x,x,x,,x,x,,,,,,,x,,x,,,x,x,x,x,x,x,x,x,x,,x,,,,,,,,,,,,,,,X,,,,,,
Open Educational Resources (OER) Commons,,"An online library of resources, lesson plans, research and activities for teachers of all subject matter and grade levels. ",,,http://www.oercommons.org/,,,,,,x,,,,,,,x,,,,,,,,,,,x,,,,x,,,,,,,,,,,,,,,X,,,,,,
College Access Consortium (CACNY),,"A network of community- based organizations, colleges, and secondary schools committed to assisting students in obtaining admission into institutions of higher education, for potential students. CACNY meets monthly and brings together college advisors, program managers, and college admissions professionals in order to increase their knowledge about college access and completion in order to better support students in NYC. ",,,http://www.cacny.com/,x,x,x,x,,x,,,,,,,x,,,,,,x,x,x,x,x,x,x,,,x,,,,,,,,,,,,,,,X,,,,,,
ETS,,"A nonprofit organization that aims to advance quality and equity in education for people worldwide by creating assessments based on rigorous research. ETS is reponsible for creating tests like GRE, TOEFLE and TOEIC, among others. ",,,http://www.ets.org/,,x,,,x,x,,,,,,x,x,,,,,,,,,,,,,,x,x,,,,,,,,,,,,,,,X,,,,,,
Resources for Children with Special Needs,,"A nonprofit organization that works for families and children with special needs, across all boroughs, to understand, navigate, and access the services needed to ensure that all children have the opportunity to develop their full potential. Resources for Children with Special Needs (RCSN) provides workshops special education, the NYC high school application process, among others. RCSN has two Soecial Education Parent Centers, in Manhatten and the Bronx. ",,,http://www.resourcesnyc.org/,x,x,,,,x,,,,,,,,x,,x,,,,,,,,x,,,,x,,,,,,,,,,,,,,,X,,,,,,
College Scoop,,"A planning website that provides ""real-world"" advice for college-bound students. From making the descision where to apply to enrollment College Scoop gives step by step advice for students, parents on professionals on getting in and succeeding in college. ",,,http://collegescoop.com/,x,x,x,,x,x,,,,x,x,x,x,x,,,,x,x,x,x,x,x,,x,x,,x,,,,,,,,,,,,,,,X,,,,,,
Gates Millennium Scholars Program,,A program and website that selects 1000 students to receive a good-through-graduation scholarship to use at any college or university.,,,http://www.gmsp.org/publicweb/aboutus.aspx,x,x,x,,,x,,,,x,x,x,,,,,,x,x,x,x,x,x,x,x,x,,x,,,,,,,,,,,,,,,X,,,,,,
College Prowler,,"A search site built by students for students. Students at college and universities all over the country are surveyed to create an ""insider's college guide"". CollegeProwler.com has more than 200,000 student reviews and coverage on nearly 7,000 schools. Each month, more than 1 million high school and college students visit CollegeProwler.com to find and research schools and scholarships.",,,http://collegeprowler.com/,x,x,,,,x,,,,x,x,x,,,,,,,,x,,,,,x,,,x,,,,,,,,,,,,,,,X,,,,,,
Careers and Colleges,,"A search site for colleges and scholarships that also features test prep resources and articles. Careersandcolleges.com also has advice for high school students in the form of podcasts, blogs, and articles related to college admission, financial aid for students. ",,,http://www.careersandcolleges.com/tp2/cnc/login.do,x,x,x,,,x,,,,x,x,x,,,,,,,,x,x,x,x,,,,,x,,,,,,,,,,,,,,,X,,,,,,
Federal Student Aid Info for Counselors ,,"A site full of resources for counselors seeking to support students in applying for and receiving federal student aid, created by the same U.S. Department that administers the FAFSA.",,,http://fsa4counselors.ed.gov,,,x,,,x,,,,,,x,x,,,,,,,,,,x,,,,,x,,,,,,,,,,,,,,,X,,,,,Federal Student Aid at US Department of Education,
Insideschools.org,,"A site containing reviews of K-12 public schools in NYC, including reviews posted by website users for students.",,,http://insideschools.org/,x,,,,,x,,,,x,,,x,x,,,,,,,,,,,,,,x,,,,,,,,,,,,,,,X,,,,,,
United Negro College Fund ,,"A site that contains information on scholarships, fellowships, internships, for African American students.",,,http://uncf.org/,x,x,x,x,x,x,,,,x,x,x,x,x,,,,x,x,x,x,x,x,,x,x,x,x,,,,,,,,,,,,,,,X,,,,,,
Go College  ,,A site created to guide students on the complexity of the admissions and financial aid process. ,,,http://www.gocollege.com/,,x,x,,,x,,,,x,x,,,,,,,,x,x,x,x,x,,,,,x,,,,,,,,,,,,,,,X,,,,,,
CollegeMajors101 ,,A site geared towards teaching students about different college majors so they can make more informed college and career choices.,,,http://www.collegemajors101.com/,x,,,,x,x,,,,x,x,x,,,,,,,x,x,,x,,,,,,x,,,,,,,,,,,,,,,X,,,,,,
College Confidential,,"A site intended founded to ""demystify"" college admissions process, for high school students.",,,http://www.collegeconfidential.com/,x,,,,,x,,,,x,x,,,,,,,,x,,,,,,,,,x,,,,,,,,,,,,,,,X,,,,,,
FairTest.org,,"FairTest publishes a regular electronic newsletter, The Examiner, plus a full catalog of materials on both K- 12 and university testing to aid teachers, administrators, students, parents and researchers.  FairTest also has numerous fact sheets available to educate you on standardized testing and alternative assessment. ",,,http://fairtest.org/,x,x,,,,x,,,,,,,x,,,,,,,,x,,,x,,,,x,,,,,,,,,,,,,,,X,,,,,,
National Center for Education Statistics (NCES),,"The purpose of the National Center for Education Statistics' website is to provide clear, complete information about NCES' mission and activities, and to serve the research, education and other interested communities.",,,http://nces.ed.gov/,x,x,x,,x,x,,,,,,,x,,x,x,,x,,x,x,,x,x,,x,,x,,,,,,,,,,,,,,,X,,,,,,
Get Schooled,,Get Schooled has a variety of resources to help students prepare for and enroll in college. Their projects include: The College Dollars Challenge which helps students connect to scholarships and get answers to financial aid questions. Whole school competitions to increase attendance and recognize teachers and connect winning schools to celbreties like Nicki Minaj and Ne-Yo ,,,http://getschooled.com/,x,,x,,,x,,,,x,,,x,,,,,,,,,,x,,,,,x,,,,,,,,,,,,,,,X,,,,,,
College Tidbits,,"A site that provides students and parents with advice about planning, preparing and paying for college.",,,http://www.collegetidbits.com/,x,x,x,,,x,,,,x,x,,,x,,,,,x,x,x,,x,,x,,,x,,,,,,,,,,,,,,,X,,,,,,
Peterson's,,"A site for high school and college studensts that contains college and graduate school searches and information pertaining to majors and degrees, campus life, and contact info for prospective college students.",,,http://www.petersons.com/,x,x,x,,,x,,,,x,x,x,x,x,,,,,,x,,,x,,,x,,,,,,,,,,,,,,,,,X,,,,,,
FinAid.org,,"A site that contains information on loans, scholarships, savings, military aid, financial aid applications. This site also has cost calculators.",,,http://www.finaid.org/,,,x,,,x,,,,x,x,x,x,x,,,,,,,,,x,,,,,x,,,,,,,,,,,,,,,X,,,,,,
Federal Student Aid (FSA),,"A site, created by the U.S. Deprtment of Education, for students,  that contains useful information about preparing for college, getting money for college and repaying loans for high school students.",,,http://studentaid.ed.gov/PORTALSWebApp/students/english/index.jsp,x,x,x,,,x,,,,x,x,x,,,,,,,x,x,x,,x,,,,,x,,,,,,,,,,,,,,,X,,,,,,
Big Think Careers,,"A site, for students and working professionals, that contains videos about self improvement and career development. ",,,http://bigthink.com/,x,,,,x,x,,,,x,x,x,,,,,,,,,,x,,,,,,x,,,,,,,,,,,,,,,X,,,,,,
Fast Web,,"A site that features a free online scholarship matching and college search service, in multiple areas aligning with student's educational goals, activities and interests. Fast Web was created for students and military service members.",,,http://www.fastweb.com/,,,x,,,x,,,,x,x,x,,x,,,,,,,,x,,,,,,x,,,,,,,,,,,,,,,X,,,,,,
Brain Track,,A site that features an in-depth coverage of US schools and has a library of higher education and career articles for US students.,,,http://www.braintrack.com/,x,,,,,x,,,,x,x,x,,,,,,,,x,,,x,,,,,x,,,,,,,,,,,,,,,X,,,,,,
College Board ,,"A site that focuses on college readiness, college connection and success as well as advocacy for students and counselors. Collegeboard.org contains information on SATs, PSATs, AP exams, as well as information on colleges and universities all over the country. ",,,http://www.collegeboard.org/,x,x,x,,,x,,,,x,x,x,x,,,,,,,x,x,,x,x,,,,x,,,,,,,,,,,,,,,X,,,,,,
HESC,,"A site that manages grant, scholarship and loan programs (example: TAP and NYHELPs), as well as, features information on college and career planning, financial aid etc. for students.",,,http://www.hesc.com/content.nsf,,,x,,,x,,,,x,x,x,x,x,,,,,,,,,x,,,,,x,,,,,,,,,,,,,,,X,,,,,,
College Access,,"A site that provides a free national directory of federally funded  college access programs for students, counselors, parents and researchers.",,,http://www.collegeaccess.org/accessprogramdirectory/,x,x,x,x,,x,,,,x,x,x,x,x,x,x,x,x,x,x,x,x,x,x,,,,x,,,,,,,,,,,,,,,X,,,,,,
Career Zone,,"A site that provides career exploration and a planning system designed for students and high school counselors in New York State. Career Zone includes detailed information on salary, educational requirements, job descriptions for a wide variety of careers. There are also a variety of self assesments to help students identify careers that would be a good fit for their interests and potential.  ",,,https://careerzone.ny.gov/views/careerzone/index.jsf,x,,,,,x,,,,x,x,x,,,,,,,,,,x,,,,,x,x,,,,,,,,,,,,,,,X,,,,,,
College View,,"College View is a website that provides information on school statistics, SAT scores, locations, major areas of study, career planning, and financial aid. ",,,http://www.collegeview.com/index.jsp,x,x,x,,,x,,,,x,x,,,,,,,,,,,x,x,,,,,x,,,,,,,,,,,,,,,X,,,,,,
Degree Central,,A site that provides tips and advice for online students and information for students thinking about attending an online college. ,,,http://degreecentral.com/,x,,,,,x,,,,x,x,x,,,,,,,x,x,,,,,,x,,x,,,,,,,,,,,,,,,X,,,,,,
Campus Tours,,"A site that provides virtual college tours with 360ﾰ views of many different colleges as well as providing college planning, career exploration and financial aid information for students.",,,http://www.ecampustours.com/default.aspx,x,,x,,,x,,,,x,x,x,,,,,,,,x,,,x,,x,,,x,,,,,,,,,,,,,,,X,,,,,,
Half.com,,"A site used to buy, sell and, rent new and used textbooks for students.",,,http://www.half.ebay.com/,,,x,,,x,,,,,,x,,,,,,,,,,,x,,x,x,,x,,,,,,,,,,,,,,,X,,,,,,
Campus Splash,,"A site where questions about college are asked and answered by students, parents and admission experts alike. Questions range from financial aid, to study abroad, and include advice on majors and concentrations. ",,,http://campussplash.com/,x,,,,x,x,,,,x,x,x,x,x,,,,,x,x,x,x,x,x,x,x,x,x,,,,,,,,,,,,,,,X,,,,,,
College Navigator ,,"A site with an in-depth search engine of colleges and universities created by the National Center for Education Statistics for students. College Navigator allows you to search by degree type, location, and type of institution. ",,,http://nces.ed.gov/collegenavigator/,x,,,,,x,,,,x,x,,,,,,,,,x,,,,,,,,x,,,,,,,,,,,,,,,X,,,,,,
The Chronicle of Higher Education,,"A source of news, information, and jobs for college and university faculty members and administrators.",,,http://chronicle.com/section/Home/5,,,,,x,x,,,,,,,x,,,,,,,,,,x,x,x,x,x,x,,,,,,,,,,,,,,,X,,,,,,
College admissions 411,,"A Spanish-language television series that provides a step-by-step guide for applying to college (available in Spanish and English). This is for junior & high school students, their families, their school and community organizations.",,,http://www.hitn.tv/CA411/index.html,x,x,x,,,x,x,,,x,x,,x,x,x,,,x,,x,x,,x,,x,,,x,,,,,,,,x,,,,,,,X,,,,,,
Ratemyproffesors.com ,,"A student generated website for rating courses, professors, colleges and universities. You can also search for and rent text books. This website is for college students.",,,http://www.ratemyprofessors.com/,x,,,,x,x,,,,,,x,,,,,,,,x,,,,,x,x,,x,,,,,,,,,,,,,,,X,,,,,,
SUNY Counselor Connect,,"This site provides information about SUNY, specifically for high school counselors.  ",,,http://www.suny.edu/counselor/,x,x,,,,x,,,,,,,x,,,,,,x,x,x,,x,,,,,x,,,,,,,,,,,,,,,X,,,,,,
College Insight ,,"A user friendly site and a research tool designed to help shed light on important trends and issues, for professionals.",,,http://college-insight.org/,x,,,,,x,,,,x,,x,x,,,,,,x,,,,,,,,,x,,,,,,,,,,,,,,,X,,,,,,
LinkEd,,"A user-created directory of educational organizations, individuals and schools for students, parents, educators, school leaders and policy makers. Organizations can create free profiles on LinkEd to make their information public and searchable in a simple, organized fashion. Individuals are able to create free profiles to find job opportunities, connect with other people in the same field, find resources to help their school, child or classroom, and discover ways to enhance their children's educational experience.",,,http://www.linkeducation.org/,x,,,,,x,,,,,,,x,x,x,x,x,x,x,x,x,x,x,x,,,,x,,,,,,,,,,,,,,,X,,,,,,
NACAC,,"A professional membership organization designed to give counseling and admission professionals the tools they need to improve the counseling they provide to students. You can find information on college fairs, conferences, events, networking, research and advocacy on ther website. ",,,http://www.nacacnet.org/about/Pages/default.aspx,x,x,x,,x,x,,,,x,,,x,x,,,,,x,x,x,,x,,,,,x,,,,,,,,,,,,,,,X,,,,,,
College Weekl Live,,A website that connects potential college students to college admissions represnetatives through live chat.,,,http://www.collegeweeklive.com/,x,x,x,,,x,,,,x,x,,x,x,,,,,x,x,x,,x,,,,,x,,,,,,,,,,,,,,,X,,,,,,
Collegeresultsonline.org,,A website that allows students to compare graduation rates for different colleges and universities. ,,,www.Collegeresults.org,x,,,,,x,,,,x,x,x,,,,,,,,x,,,,,,,,x,,,,,,,,,,,,,,,X,,,,,,
Zinch,,"A website that let students connect with, get recruited by, and interact with colleges and universities worldwide, as well as match students to any scholarship out there.",,,http://www.zinch.com/,x,x,x,,,x,,,,x,x,,,,,,,,,x,x,,x,,,,,x,,,,,,,,,,,,,,,X,,,,,,
Project on Student Debt ,,"A website that features research and data relating to student debt, publications, news, information on initiatives, student debt policy agenda, and ways to take action. The intended audience is professionals and policy makers.",,,http://www.projectonstudentdebt.org/,,,x,,,x,,,,,,,x,,,,,,,,,,x,,,,,x,,,,,,,,,,,,,,,X,,,,,,
SUNY website,,"The official website of the State University of New York.  It provides frequent updates about news and events at SUNY, and allows current and future students to find information about admissions, academics, and financial aid. ",,,Www.Suny.edu,x,x,x,x,x,x,,,,x,x,x,x,x,x,x,,x,,x,x,,x,,,,,x,,,,,,,,,,,,,,,X,,,,,,
National College Access Network (NCAN),,"A professioanl network that helps organizations better serve their students better by providing programs with up-to-date tools and resources, connecting them to each other, and informing them of developments in the field.  NCAN hosts an annual conference, publishes reports and supports college advocacy efforts across the country. ",,,http://www.collegeaccess.org/,x,x,x,,,x,,,,,,,x,,,,,x,x,x,x,x,x,x,,,,x,,,,,,,,,,,,,,,X,,,,,,
Cappex,,"A website that helps students find with colleges and scholarships that are right for them. Students create a profile and answer questions about themselves so Cappex can find them the best matches. <br/>Cappex connects you to:  Scholarships,   Merit Aid Offered by Colleges,  College Matching,  College Reviews,  College Information, and  Visual Admission Scattergrams",,,http://www.cappex.com/,x,x,x,,,x,,,,x,x,,,,,,,,,x,x,,x,,,,,,,,,,,,,,,,,,,,X,,,,,,
Nyc.gov/internships,,"The Department of Citywide Administrative Services (DCAS) administers internship programs to introduce college students and recent graduates to public service. Through the Urban Fellows Program, and the Public Service Corps, college students/recent graduates receive valuable work experience in exchange for academic credit or stipends, depending on the program. The Urban Fellows Program is open to graduates no more than two years out of college. For more information about the Urban Fellows Program call 311 or dial (212) NEW-YORK if outside of NYC. The NYC Service Fellowship offers a unique opportunity to obtain practical City government experience in the areas of volunteerism and community service at the City level. Please be aware that there has been a change to the notification timeline for this fellowship. Interviews will likely be held the week of June 18, 2012 and all candidates will be notified of their status, by email, before June 18. The Public Service Corps (PSC) is open to undergraduate and graduate students eligible for Federal Work-Study Program internships. For more information about the PSC call 311 or dial (212) NEW-YORK if outside of NYC. (Application deadline: Seasonal) In addition to the DCAS internship programs, a number of City agencies independently offer summer internships. DCAS coordinates the Citywide Summer Internship Program, which includes hundreds of paid and unpaid internship opportunities in agencies throughout the City. (Application deadline: January to May) NYC Internship / Fellowship Programs, Department of Citywide Administrative Services (DCAS), Division of Citywide Personnel Services, 1 Centre Street, 24th Floor, New York, NY 10007, Please note: The Fellowship Programs do not provide student loans, financial aid or scholarship for study.",,,http://www.nyc.gov/html/dcas/html/employment/intern.shtml,,,,,x,x,,,,,,x,,,x,,,x,,,,,,,,,x,x,,,,,,,,,,,,,,,X,,,,,,
UNCF,,"UNCF plays a critical role in enabling more than 60,000 students each year to attend college and get the education they need and that the nation needs them to have. To live up to the ideal expressed in UNCF's universally-recognized motto, ﾔA mind is a terrible thing to waste,ﾔﾮ UNCF helps students go to and through college by:  <ul><li>  Awarding 10,000 students each year through 400 scholarship and internship programs so that students from low- and moderate-income families can afford college tuition, books and room and board;</li><li>Providing operating funds for its 38 member colleges, all of them small, private institutions that offer a small-college experience at tuitions that average more than 30 percent less than those at comparable colleges and universities;</li><li>    Serving as a national advocate for the importance of education for all Americans by serving as the voice of students of color through its annual television program, UNCF An Evening of Starsﾮ, a national public service announcement campaign built around ﾓA mind is a terrible thing to wasteﾔﾮ and commentary in national media.</li></ul>",,,www.uncf.org,,,x,,x,x,,,,x,x,x,,,x,,,x,x,,,x,x,x,,x,x,x,,,,,,,,,,,,,,,X,,,,,,
Reach for College,,"A website that provides curricular materials and books developed for students who are first in their family to pursue higher education. Reach for College trains teachers to use these materieals in public high schools and charter schools. There are resources on theer website for educators, students and parents.",,,http://www.reachforcollege.org/reachforcollege/,x,x,x,x,,x,,,,,,,x,,x,,,x,x,x,x,x,x,,,,,x,,,,,,,,,,,,,,,X,,,,,,
HS Counselor week,,"This weekly email searches main media outlets finding stories that may be of interest to high school counselors, college admission officers and related organizations, with links to the original stories. ",,,http://hscounselorweek.com/,x,x,x,x,,x,,,,,,,x,,,,,,x,x,x,x,x,x,,x,,,,,,,,,,,,,,,,,X,,,,,,
College Summit,,"College Summit is an organization that  works in partnership with schools, school districts and colleges to develop a sustainable model for raising college enrollment rates community-wide. Their website has information for school administrators and education advocates about best practice research and their work. ",,,http://www.collegesummit.org/,x,x,x,,x,x,,,,,,,x,,,,,x,x,x,x,x,x,x,,,,x,,,,,,,,,,,,,,,X,,,,,,
Advocates for Children,,"Advocates for Children of New York are dedicated exclusively to protecting every child's right to an education, focusing on students from low-income backgrounds who are struggling in school or experiencing school discrimination of any kind. For more than 40 years, their staff of attorneys and education specialists have successfully helped hundreds of thousands of families by providing free legal and advocacy services, including representation at school-related hearings and appeals, and teaching families what they need to know to stand up for their children's educational rights.  AFC also works to change education policy so that the public school system serves ALL children of New York City effectively.  For more information about Policy & Initiatives and Litigation, please click on the links.",,,http://www.advocatesforchildren.org/,x,,,,,x,,,,,,,,x,x,x,,,,,,,,x,,,,x,x,x,x,x,x,x,x,x,x,,,,,,X,,,,,,
Independent Educational Consultants Association (IECA),,"An organization that assists their members (independent counselors) serve families in educational decisions.  IECA sponsors professional training institutes, workshops and conferences, publishes a directory of qualified independent educational consultants, offers information to students and their families regarding school selection issues and works to ensure that those in the profession adhere to the highest ethical and business standards. ",,,http://www.iecaonline.com/,x,x,x,x,x,x,,,,,,,x,,,,,x,x,x,x,x,x,x,x,x,x,x,,,,,,,,,,,,,,,X,,,,,,
Higher Education ConsultantsﾠAssociation (HECA),,The Higher Education ConsultantsﾠAssociation is a professional organization focused exclusively on the practice of independent college admissions consulting.,,,http://www.hecaonline.org/,x,x,x,,,x,,,,,,,x,,,,,x,x,x,x,x,x,x,,,,x,,,,,,,,,,,,,,,X,,,,,,
Khan Academy,,"Kahn Acadmey has over 3,400 FREE videos that cover K-12 topics including;  math, science, finance and economics,  humanities, and test prep.  The website allows to you to track you to create an account and track your activity. ",,,http://www.khanacademy.org/,x,,,,x ,x,,,,x,x,x,x,x,,,,,,,,,,x,,,,x,,,,,,,,,,,,,,,X,,,,,,
American Counseling Association,,"An organization that provides leadership training, publications, continuing education opportunities, and advocacy services for their professional members. ",,,http://www.counseling.org/,x,,,,,x,,,,,,,x,,,,,,x,,,,,,,,,x,,,,,,,,,,,,,,,X,,,,,,
Next Step U,,"A website that aims to ﾓhelp students find the right pathﾔ by producing college, career and life planning guides for high school students, counselors, and parents. ",,,http://www.nextstepu.com/,x,x,x,,,x,,,,x,x,x,,,,,,,x,x,x,x,x,,,,,x,,,,,,,,,,,,,,,X,,,,,,
Financial Aid Package Comparison Worksheet ,,A worksheet to help students compare financial aid packages from different schools. Students fill in  the details of two to three  financial aid packages in order to understand exactly how they compare in terms of how much students will pay.,,,http://www.collegezone.com/media/Financial_Aid_Comparison_Worksheet2011.pdf,,,x,,,,,,x,x,x,x,,,,,,,,,,,x,,,,,x,,,,,,,,,,,,,,x,,,,,,,
New York State Association for College Admissions Counseling (NYSACAC),,An association that provides leadership and professional development opportunities in college admission counseling for college counselors. ,,,http://www.nysacac.org/,x,x,x,,,x,,,,,,,x,,,,,,x,x,x,x,x,,,,,x,,,,,,,,,,,,,,,X,,,,,,
The Choice (New York Times) ,,An educational blog featuring a panel of experts that try to address queries on issues ranging from financial aid to how to improve your chances of being admitted off a waitlist. The Choice is  for students and counselors. ,,,http://thechoice.blogs.nytimes.com/,x,x,,,x,x,,,,x,x,x,x,x,,,,,x,,,,,,,,,x,,,,,,,,,,,,,,,X,,,,,,
Personal Values Assessment,,"An evaluative worksheet that assesses your ""values"" and what's important to you. This assesment is good for any person interested in finding out more about themselves.",,,http://www.lifevaluesinventory.org,x,,,,x,x,,,,x,x,x,x,x,,,,,x,,,,,,x,x,,x,,,,,,,,,,,,,,,X,,,,,,
Go College NY,,"An interactive website created by the New York State Education Services Corporation (HESC), to help students apply to college, learn what to expect in college, and how to succeed in college.  ",,,http://www.gocollegeny.org/,x,x,x,,x,x,,,,x,x,x,,,,,,,x,x,x,x,x,,,x,,x,,,,,,,,,,,,,,,X,,,,,,
The College Board's Net Price Calculator,,"An online tool to help you calculate how much college will really cost you, minus scholarships and grants, for students.",,,http://studentnpc.collegeboard.org/,,,x,,,x,,,,x,x,x,,x,,,,,,,,,x,,,,,x,,,,,,,,,,,,,,,X,,,,,College Board,
MALDEF,,"MALDEF is the nation's leading Latino legal civil rights organization. MALDEF promotes social change through advocacy, communications, community education, and litigation in the areas of education, employment, immigrant rights, and political access.  ",,,MALDEF.org,x,x,x,x,x,x,,,,,,,x,x,x,,,x,x,x,x,x,x,x,x,x,x,x,,,,,,,,,,,,,,,X,,,,,,
National Association for Female Executives,,"An organization that provides education, networking, and public advocacy to empower its members to achieve career success and financial security. Designed for female professionals.",,,http://www.nafe.com/?service=vpage/1474,,,,,x,x,,,,,,x,x,,,,,,,,,x,,,,,x,x,,,,,,,,,,,,,,,X,,,,,,
Colleges That Change Lives,,"An organization that provides valuable information, news and resources, which address current issues in higher education as well as common misperceptions about the college search process for students. CTCL works to dispel publicly held myths about college choice--particularly the notion that college choices are severely limited to today's high school students--by hosting information sessions nationwide and coordinating outreach efforts with high school counselors and college counseling agencies alike.",,,http://www.ctcl.org/,x,,,,x,x,,,,x,x,x,x,x,,,,,x,x,,,,,,x,,x,,,,,,,,,,,,,,,X,,,,,,
Training for Trainers: A Guide to Designing Interactive Trainings Using Popular Education Techniques,,"This handbook is a product of the Research Center for Leadership in Action (RCLA) at New York University's Robert F. Wagner Graduate School of Public Service. It was developed as part of a learning session offered through the RCLA Social Change Leadership Network, an initiative manﾭaged by Deputy Director Amparo Hofmann-Pinilla with advisement from Faculty Director Sonia Ospina and Executive Director Bethany Godsoe. The Social Change Leadership Network is an initiative that supports and enhances social change leadership through participatory research, documentation and dissemination of knowledge from the field. It facilitates opportunities for leadership development, organizational capacity buildﾭing and dialogue. The Network also strengthens the relationship between academics and social change organizers by creating dynamic communities of practice through peer-to-peer learning, intergenerational exchange, dialogue, inquiry, action learning and knowledge building. It relies on the wisdom of a cadre of experienced social change leaders and regular input from grassroots nonprofit organizations on the most pressing needs they face as they work to deepen civic parﾭticipation and make social transformation possible. ",,,http://wagner.nyu.edu/leadership/reports/files/TrainingForTrainers.pdf,x,x,x,x,x,x,,,,,,,x,,,,,,x,x,x,x,x,x,x,x,x,x,,,,,,,,,,,,,,,X,,,,,,
The Association of Black Admissions and Financial Aid Officers of the Ivy League and Sister Schools,,"Recognizing the unique challenges facing African American, Native American, Latino, and Hispanic students during the college admissions process, the Association of Black Admissions and Financial Aid Officers of the Ivy League and Sister Schools (ABAFAOILSS) was founded in 1970 to provide vital assistance for these students as they make the transition from high school to college.",,,http://www.abaschools.org/index.html,x,x,,,,x,,,,,,,x,,x,,,x,x,x,x,,x,,,,,x,,,,,,,,,,,,,,,X,,,,,,
﾿Puede solicitar ayuda para pagar la colegiatura?,,Spanish language video by a financial aid expert discussing how to find help to pay for college.  ,,,https://bigfuture.collegeboard.org/get-started/video-transcription/puede-solicitar-ayuda-para-pagar-la-colegiatura,,,x,,,,x,,,x,x,x,,x,x,,,,,,,,x,,,,,x,,,,,,,,x,,,,,,,X,,,,,,
Suny Center for Professional Development,,SUNY Center for Professional Development (CPD) is a collaborative central resource for the SUNY Community providing access to high quality professional development opportunities focused on the latest trends and established best practices in higher education to enhance the capability of SUNY faculty and staff and increase SUNY's competitive advantage.,,,http://www.suny.edu/sunytrainingcenter/index.cfm,,,,,x,x,,,,,,,x,,,,,,,,,,,,,x,,x,,,,,,,,,,,,,,,X,,,,,,
TAP,,TAP is New York States Tuition Assistance Program (TAP) that provides financial aid to NYS residents attending NYS schools. ,,,http://www.hesc.ny.gov/content.nsf/SFC/Apply_for_TAP_Now,,,x,,,x,,,,x,x,x,x,x,,,,,,,,,x,,,,,x,,,,,,,,,,,,,,,X,,,,,,
CUNY Portal,,"The CUNY portal is a gateway to all things CUNY: college websites, information about applying to CUNY, registering for classes, events, campus directories, etc. While most of this information was previously available, the CUNY portal makes it easier and faster to find what you need. And if you register on the portal, the ability to customize your view will make future visits to the portal more productive. ",,,https://cunyportal.cuny.edu/cpr/authenticate/portal_login.jsp,,,,,x,x,,,,x,x,x,,,,,,,,,,,,,x,x,,x,,,,,,,,,,,,,,,X,,,,,,
"""It was easier than I thought it would be.""",,Video by a college student about the value of FAFSA. ,,,http://youcango.collegeboard.org/stories/cost/student-story/it-was-easier-i-thought-it-would-be?play=true&pos=8,,,x,,,,x,,,,,,,,,,,,,,,,,,,,,x,,,,,,,,,,,,,,,X,,,,,,
"""Everything was in fine print.""",,Video by a college student describing her feelings about applying for aid and paying back student loans. ,,,http://youcango.collegeboard.org/stories/cost/student-story/cost-1?play=true,,,x,,,,x,,,x,,x,,,,,,,,,,,x,,,,,x,,,,,,,,,,,,,,,X,,,,,,
"""I had to deal with a lot all at once.""",,Video by a college student describing her struggle with her mother's arrest during high school. ,,,http://youcango.collegeboard.org/stories/responsibilities/student-story/i-had-deal-lot-all-once?play=true,,,,,x,,x,,,x,,x,,,,,,,,,,,,,,,,x,,,,,,,,,,,,,,,X,,,,,,
"ﾓWhen I was a junior, I was expelled.ﾔ",,"Video by a college student describing his journey of coming back from being expelled from high school his junior year, then making it to college. ",,,http://youcango.collegeboard.org/stories/grades/student-story/when-i-was-junior-i-was-expelled?play=true,,x,,,,,x,,,x,,x,,,,,,,,,,,,,,,,x,,,,,,,,,,,,,,,X,,,,,,
Everything I worked for paid off,,Video by a college student describing how he felt when he was accepted into college. ,,,https://bigfuture.collegeboard.org/get-started/video-transcription/everything-i-worked-for-paid-off,,x,,,,,x,,,x,,,,,,,,,,,,,,,,,,x,,,,,,,,,,,,,,,X,,,,,,
"""I was more into hanging out with my friends.""",,Video by a college student describing how his attitude changed when he started college. ,,,http://youcango.collegeboard.org/stories/grades/student-story/i-was-more-hanging-out-my-friends-0?play=true,,x,,,,,x,,,x,,,,,,,,,,,,,,,,,,x,,,,,,,,,,,,,,,X,,,,,,
"""My mom is disabled.""",,Video by a college student describing how she would deal with  the guilt she felt about going to college. ,,,http://youcango.collegeboard.org/stories/responsibilities/student-story/my-mom-disabled?play=true,,,,,x,,x,,,x,,x,,,,,,,,,,,,,,,,x,,,,,,,,,,,,,,,X,,,,,,
"""I have a good chance of becoming more stable.""",,Video by a college student discusses how college gives him a better chance at a more stable life.,,,http://youcango.collegeboard.org/stories/feeling-overwhelmed/student-story/i-have-good-chance-becoming-more-stable?play=true,,,,,x,,x,,,x,,x,,,,,,,,,,,,,,,,x,,,,,,,,,,,,,,,X,,,,,,
"""Everything I worked for paid off.""",,Video by a college student discussing how all his high school work paid off.,,,http://youcango.collegeboard.org/stories/feeling-overwhelmed/student-story/everything-i-worked-paid?play=true&pos=11,,,,,x,,x,,,x,,,,,,,,,,,,,,,,,,x,,,,,,,,,,,,,,,X,,,,,,
"""I was a quiet freshman but now I'm outgoing.""",,Video by a college student discussing how college has made her more outgoing.,,,http://youcango.collegeboard.org/stories/feeling-overwhelmed/student-story/i-was-quiet-freshman-now-im-outgoing?play=true&pos=4 ,,,,,x,,x,,,x,,x,,,,,,,,,,,,,,,,x,,,,,,,,,,,,,,,X,,,,,,
"""I just assumed I wasn't going to go.""",,Video by a college student discussing how she went from thinking she wasn't going to go college to being able to go to college with enough scholarships to not pay anything back.,,,http://youcango.collegeboard.org/stories/cost/student-story/i-just-assumed-i-wasn%E2%80%99t-going-go?play=true&pos=0,,,x,,,,x,,,x,,,,,,,,,,,,,,,,,,x,,,,,,,,,,,,,,,X,,,,,,
"""It hits you at once.""",,Video by a college student discussing the process of applying to college,,,http://youcango.collegeboard.org/stories/feeling-overwhelmed/student-story/overwhelmed-0?play=true,,,,,x,,x,,,x,,,,,,,,,,,,,,,,,,x,,,,,,,,,,,,,,,X,,,,,,
"""I wanted to be a teacher.""",,Video by a college student discussing why she was willing to go into debt to make going to college possible. ,,,http://youcango.collegeboard.org/stories/cost/student-story/i-wanted-be-teacher?play=true&pos=6,,,x,,,,x,,,x,,x,,,,,,,,,,,,,,,,x,,,,,,,,,,,,,,,x,,,,,,
"""I don't really put myself out there a lot.""",,Video by a college student talking about learning to write college essays,,,http://youcango.collegeboard.org/stories/feeling-overwhelmed/student-story/overwhelmed-1?play=true ,,,,,x,,x,,,x,,x,,,,,,,,,,,,,,,,x,,,,,,,,,,,,,,,x,,,,,,
"""My father did not want to help me.""",,Video by a college student talking about the lack of support from her father in the college application process. ,,,http://youcango.collegeboard.org/stories/feeling-overwhelmed/student-story/my-father-did-not-want-help-me?play=true,,,,,x,,x,,,x,,x,,,,,,,,,,,,,,x ,,x,,,,,,,,,,,,,,,x,,,,,,
"""I didn't know what I wanted to do.""",,Video by a college student talking about why community college was the right choice for him,,,http://youcango.collegeboard.org/stories/feeling-overwhelmed/student-story/i-didnt-know-what-i-wanted-do?play=true&pos=4,,,,,x,,x,,,x,,x,,,,,,,,x ,,,,,,x ,,x,,,,,,,,,,,,,,,x,,,,,,
"""I knew I had to do it on my own.""",,Video by a college student who discusses her biggest fear about going to college.,,,http://youcango.collegeboard.org/stories/feeling-overwhelmed/student-story/i-knew-i-had-do-it-my-own-0?play=true&pos=10,,,,,x,,x,,,x,,x,,,,,,,,,,,,,,x,,x,,,,,,,,,,,,,,,x,,,,,,
"""Leaving the reservation is a huge step.""",,Video by a college student who discusses how college earns respect from his Navajo elders.,,,http://youcango.collegeboard.org/stories/feeling-overwhelmed/student-story/leaving-reservation-huge-step?play=true&pos=5,,x,,,,,x,,,x,,x,,,,,,,,,,,,,x,,,x,,,,,,,,,,,,,,,x,,,,,,
"""It pretty much gave me a full ride.""",,Video by a college student who experienced financial hardship but was able to find scholarships to pay for college. ,,,http://youcango.collegeboard.org/stories/cost/student-story/cost-0?play=true&pos=2,,,x,,,,x,,,x,x,x,,,,,,,,,,,x,,,,,x,,,,,,,,,,,,,,,x,,,,,,
"""It was stressful but rewarding in the end.""",,Video by a college student who found a successful strategy for paying for college. ,,,http://youcango.collegeboard.org/stories/cost/student-story/cost-4?play=true&pos=6,,,x,,,,x,,,,,x,,,,,,,,,,,x,,,,,x,,,,,,,,,,,,,,,x,,,,,,
"""People are willing to help if you ask them.""",,Video by a college student who found funds for students from low-income families to pay for college. ,,,http://youcango.collegeboard.org/stories/cost/student-story/people-are-willing-help-if-you-ask-them?play=true&pos=3,,,x,,,,x,,,,,x,,,,,,,,,,,x,,,,,x,,,,,,,,,,,,,,,x,,,,,,
"""I've never met anybody who's judged me.""",,Video by a college student who learned to cope with severe ADHD with help from his college. ,,,http://youcango.collegeboard.org/stories/grades/student-story/i%E2%80%99ve-never-met-anybody-who%E2%80%99s-judged-me?play=true&pos=0,,x,,,,,x,,,,,x,,,,x,,,,,,,,,x,,,x,,,,,,,,,,,,,,,x,,,,,,
"""I wasn't tired but I'd sleep in class.""",,"Video by a college student who regrets dropping out of high school, but has made it to college. ",,,http://youcango.collegeboard.org/stories/grades/student-story/i-wasn%E2%80%99t-tired-i%E2%80%99d-sleep-class?play=true&pos=2,,x,,,,,x,,,x,x,x,,,,,,,,,,,,,,,,x,,,,,,,,,,,,,,,x,,,,,,
"""I wasn't sure how to go to school and work.""",,"Video by a college student who struggled with going to school and working at the same time, but found strength in knowing others are going through the same thing. ",,,http://youcango.collegeboard.org/stories/responsibilities/student-story/i-wasn%E2%80%99t-sure-how-go-school-and-work?play=true,,,,,x,,x,,,x,,x,,,,,,,,,,,,,x,x,,x,,,,,,,,,,,,,,,x,,,,,,
"""My mentor still helps me today.""",,Video by a college student who talks about how her high school teacher helped her through the college application process.,,,http://youcango.collegeboard.org/stories/feeling-overwhelmed/student-story/my-mentor-still-helps-me-today?play=true&pos=7,,,,,x,,x,,,x,,x,,,,,,,,,,,,,,x,,x,,,,,,,,,,,,,,,x,,,,,,
"""Financial aid is a lifesaver.""",,Video by a college student who was able to afford college through grants and loans. ,,,http://youcango.collegeboard.org/stories/cost/student-story/financial-aid-lifesaver?play=true,,,x,,,,x,,,x ,x,x,,,,,,,,,,,x,,,,,x,,,,,,,,,,,,,,,x,,,,,,
"""My mom, she just up and left.""",,Video by a college student who was homeless during his final weeks of high school.,,,http://youcango.collegeboard.org/stories/feeling-overwhelmed/student-story/my-mom-she-just-and-left-0?play=true&pos=9,,,,,x,,x,,,x ,,x,,,,,,,,,,,,,,,,x,,,,,,,,,,,,,,,x,,,,,,
"""I have a lot of people behind me, helping me.""",,Video by a college student discussing how she manages college despite her other obligations.,,,http://youcango.collegeboard.org/stories/feeling-overwhelmed/student-story/i-have-lot-people-behind-me-helping-me?play=true&pos=12,,,,,x,,x,,,,,x,,,,,,,,,,,,,x,x,,x,,,,,,,,,,,,,,,x,,,,,,
"""I wasn't sure what to do.""",,Video by a community college student about getting financial aid advice at his community college. ,,,http://youcango.collegeboard.org/stories/cost/student-story/i-wasn%E2%80%99t-sure-what-do?play=true,,,x,,,,x,,,x,,x,,,,,,,,,,,x,,,,,x,,,,,,,,,,,,,,,x,,,,,,
Think you've missed your chance at college?,,Video by a Counseling Consultant at Chicago Public Schools explaining why it's never too late to start college. ,,,https://bigfuture.collegeboard.org/get-started/video-transcription/think-youve-missed-your-chance-at-college ,,x,,,,,x,,,x,x ,,,,,,,,,,,,,,,,,x,,,,,,,,,,,,,,,x,,,,,,
"ﾓI relied on my high school counselor.""",,Video by a first generation college student discussing how he used college resources to figure things out.,,,http://youcango.collegeboard.org/stories/feeling-overwhelmed/student-story/i-relied-my-high-school-counselor?play=true&pos=6,,x,,,,,x,,,x ,,x,,,,,,x,,,,,,,,,,x ,,,,,,,,,,,,,,,x,,,,,,
How should you start a college search?,,Video by the Director of College Counseling at Georgetown Visitation Prep School giving tips on the first step in finding colleges that fit you.  ,,,https://bigfuture.collegeboard.org/get-started/video-transcription/how-should-you-start-a-college-search,,x,,,,,x,,,x,x,,,,,,,,,x,,,,,,,,x ,,,,,,,,,,,,,,,x,,,,,,
How can college change your life?,,Video by the Executive Director of The Education Conservancy listing reasons to go to college and where to go for advice. ,,,https://bigfuture.collegeboard.org/get-started/video-transcription/how-can-college-change-your-life ,,x,,,,,x,,,x ,x,,,,,,,,,,,,,,,,,x,,,,,,,,,,,,,,,x,,,,,,
College Bound: Choosing a College,, A video discussing the importance of choosing the right college for students.,,,http://www.uctv.tv/search-details.aspx?showID=5205 ,x,,,,,,x,,,x,,x ,x ,,,,,,,x,,,,,,,,x,,,,,,,,,,,,,,,x,,,,,,
College Bound: Surviving Freshman Year,," A video that offers expert advice on avoiding the common pitfalls, including strategies for effective studying, time management and budgeting, as well as resources available to incoming freshmen.",,,http://www.uctv.tv/search-details.aspx?showID=6492 ,x,,,,,,x,,,,,,,,,,,,,,,,,,,,,x,,,,,,,,,,,,,,,x,,,,,,
Handbook for Youth in Foster Care ,,"The handbook  was written for youth entering foster care for the first time as well as youth already in foster care, and has information on enrolling in, and paying for college. For specific information on funding for college (Education and Training Voucher) see pages 57 and 61. ",,,http://www.ocfs.state.ny.us/main/publications/Pub5028.pdf,x,,x,,,,x,,,x,x,x,x,x,,,x,,,,,,x,,,x,,x,,,,,,,,,,,,,,,x,,,,,,
88 Surefire Tips for Succeeding in College,,"From the Online Education Database, a list of things to do to ensure college success for students.",,,http://oedb.org/library/college-basics/88-surefire-tips/,,,,,x,x,,,,,,x ,,,,,,,,,,,,,x,x,,x,,,,,,,,,,,,,,,x,,,,,,
Innovative Design Interns ,,"A website created for all creative students and recent graduates looking for one place to find internships, part-time work, and full-time entry-level jobs in Graphic Design, Industrial Design, Web Design, Architecture, Fashion Design, & Interior Design.",,,http://www.idinterns.com/index.php?option=com_jobline&Itemid=95,,,,x,x,x,,,,,,x ,,,,,,,,,,x,,,,x,x,x,,,,,,,,,,,,,,,x,,,,,,
Career Rookie ,,"CareerRookie.com connects students and recent graduates seeking internships, part-time jobs and entry-level positions with the nation's top employers.",,,http://www.careerrookie.com/,,,x,x,x,x,,,,,,x,,,,,,,,,,x,,,,x,x,x,,,,,,,,,,,,,,,x,,,,,,
NY Creative Interns ,,"A website that hosts various events which allow college students, interns and recent grads to network, meet amazing professionals, get career advice and make new friends. ",,,http://nycreativeinterns.com/jobs/,,,x,x,x,x,,,,,,x,,,,,,,,,,x,,,x,x,x,x,,,,,,,,,,,,,,,x,,,,,,
Yahoo Education,,"A website for students to explore colleges, degree programs and careers. Yahoo Education has college search tools and articles about college and careers.",,,http://education.yahoo.com/,x ,,,,,x,,,,x,x,x,x,x,,,,,,x,,x,,,,,x,x,,,,,,,,,,,,,,,x,,,,,,
Money as you grow,,"A website, developed by the President's Advisory Council on Financial Capability, which provides 20 essential, age-appropriate financial lessonsﾗwith corresponding activitiesﾗthat kids need to know as they grow. ",,,www.Moneyasyougrow.org,,,x ,,,x,,,,x,x,x,x,x,,,,,,,,,x,,,,,x,,,,,,,,,,,,,,,x,,,,,,
The Naked Roommate,,A website based on the bestselling book which tells you how to deal with college life and includes a friendly online community of students to support other students.,,,www.nakedroommate.com,,,,,x,x,,,,,,x,,,,,,,,,,,,,x,x,,x,,,,,,,,,,,,,,,x,,,,,,
Spill Now,,"A blog that supports peer networking among current college students by connecting peers to each other in order to get unbiased support, feedback and resources for particular problems. ",,,http://blog.spillnow.com/,,,,,x,x,,,,,,x ,,,,,,,,,,,,,x,x,,x ,,,,,,,,,,,,,,,x,,,,,,
 Bureau of Labor Statistics Occupational Outlook Handbook,,"The Bureau of Labor Statistics' website contains career data primarily used for career exploration by students and professionals. This website has information about salary, required training, job availability for all careers. ",,,http://www.bls.gov/ooh/,x,,,,x,x,,,,x,x,x ,x,x,,,,,,,,x,,,,,x,x,,,,,,,,x,,,,,,,x,,,,,,
Mapping Your Future,,"Mapping Your Future is your free resource for career, college, financial aid, and money management information.",,,www.Mappingyourfuture.org,x,x,x,,x,x,,,,x,x,x ,x,x ,,,,,x,x,x,x,x ,,,,,x ,,,,,,,,x,,,,,,,x,,,,,,
Resume Writing Guide ,,"An online guide produced by Columbia University,Teachers College Career Services on writing an effective resume.",,,http://www.tc.columbia.edu/i/a/document/15838_Resume_Writing_Guide.pdf,,x,,,x,,,,x,x,x,x,,,,,,,,,,x,,,,,x,x,,,,,,,,,,,,,,,x,,,,,,
Cover Letter Writing Guide: Specific Job Opportunity,,"An online guide produced by Columbia University,Teachers College Career Services on writing an effective cover letter.",,,http://www.tc.columbia.edu/i/a/document/16076_Cover_Letter_Writing_Guide_Specific_Job_Opportunity.pdf,,,,,x,,,,x,x,x,x,,,,,,,,,,x,,,,,x,x,,,,,,,,,,,,,,,x,,,,,,
Cover Letter Writing Guide: Letter of Inquiry ,,"A resource produced by Columbia University,Teachers College Career Services regarding the purpose of a ""letter of inquiry"" and how to write one.",,,http://www.tc.columbia.edu/i/a/document/16077_Cover_Letter_Writing_Guide_Letter_of_Inquiry.pdf,,,,,x,,,,x,x,x,x,,,,,,,,,,x,,,,,x,x,,,,,,,,,,,,,,,x,,,,,,
Cover Letter Writing Guide: Salary Requirements,,"A resource produced by Columbia University,Teachers College Career Services regarding the purpose of a ""letter of salary"" and when to write one.",,,http://www.tc.columbia.edu/i/a/document/17074_Cover_Letter_Writing_Guide_Salary_Requirments.pdf,,,,,x,,,,x,x,x,x,,,,,,,,,,x,,,,,x,x,,,,,,,,,,,,,,,x,,,,,,
"Brochure for Counselors: ""School Guidance Counselors in NYC Public Schools""",,"An online information sheet for school guidance counselors produced by the New York City Department of Education, Office of Youth Development, and the United Federation of Teachers Guidance Counselor Chapter.",,,http://schools.nyc.gov/NR/rdonlyres/FBBA0703-61B0-48C0-B6AD-622A0F194A96/24834/UFTguidanceBrochure9993.pdf,x,,,,,,,,x,,,,x ,,,,,,x,,,,,,,,,x,,,,,,,,,,,,,,,x,,,,,,
CUNY Notable Academic Programs,,"This CUNY webpage lists notable academic programs for college students. Links to opportunity, scholarship, writing, justice, leadership, language immersion, teaching, media, and transtion programs can be found on this page. ",,,http://www.cuny.edu/academics/programs/notable.html,x,,,,x,x,,,,x,x,x,x,x,,,,,x,x,,,,,,x,,x,,,,,,,,,,,,,,,x,,,,,,
Noodle,,"An education search engine that helps anyone find educational opportunities at all levels, from K-12 to college, grad school, weekend classes, and professional development. ",,,http://www.noodle.org/,x ,,,x,x,x,,,,x,x,x,x,x,,,,,x,x,,,,x,,,x ,x,,,,,,,,,,,,,,,x,,,,,,
INROADS,,"An national internship program that develops and places talented underserved youth in business and industry, and prepares them for corporate and community leadership.",,,http://www.inroads.org/,,,,,x,x,,,,x,,x,x,,x,x,,x,,,,,,,,,x,x,,,,,,,,,,,,,,,x,,,,,,
Sponsors for Educational Opportuity (SEO),,"An internship program that recruits and trains outstanding college students of color for summer internships that lead to full-time jobs with investment banks, corporate law firms, and other leading global companies",,,http://www.seo-usa.org/career/,,,x,,x,x,,,,x,x,x,,,,x,,,,,,x,,,,x,,x,,,,,,,,,,,,,,,x,,,,,,
Ed 2010 Internship List,,"An internship list created by Ed2010, a group of young editors and editor assistants who support young people exploring careers in media.",,,http://www.ed2010.com/ed-campus/internships/list,,,x,,x,x,,,,X,,,,,,X,,,,X,,,,,X,X,,,,,,,,,,,,,,,,,x,,,,,,
Girls Write Now,,"An organization that provides mentoring, readings, and workshops focused around professional and creative writing for girls from NYC public high schools.",,,http://www.girlswritenow.org/gwn/,N/A,,X,,,,,X,,,,,,,,X,,,,X,,,,,,X,,,,,,,,,,,,,,,,,,,,,,,
Old School New School (Center for Urban Pedagogy),,A student-friendly guide to the high school admissions process.,,,welcometocup.org/oldschoolnewschool/,,,X,,,,,,,,,X,X,X,X,X,,,,,,,,,,X,,,,,,,,,,,,,,,,,,,,,,,
College Admission Tests Chart 2012-2013,,"A chart with detailed information about the SAT, ACT, SAT Subject Tests, and TOEFL including who should take it, score ranges, test dates, cost, registration deadlines, and links to more information.",,,Options > NYC College Line > Uploaded Resources,x,x,,,,,,,,X,,,X,X,X,,,,X,,X,,,,,,,X,,,,,,,,,,,X,,,,,,,,,Options,
College Admission Test Tips,,Basic tips for preparing for and taking standardized tests. ,,,Options > NYC College Line > Uploaded Resources,X,X,,,,,,,x,X,,,X,X,,,,,X,,X,,,,,,,X,,,,,,,,,,,X,,,,,,,,,Options,
Options SAT Overview,,"An overview of the SAT, including subjects covered, preparation methods, where to look for resources and help, and when to take the SAT.  It also includes information on subject tests, scoring, registration and cost, and fee waivers.",,,Options > NYC College Line > Uploaded Resources,X,X,,,,,,,x,X,,,X,X,,,,,X,,X,,,,,,,X,,,,,,,,,,,X,,,,,,,,,Options,
New York State Opportunity Programs Overview,,"An overview of the opportunity programs in New York State, including HEOP, EOP, and SEEK/CD at CUNY, SUNY, and private colleges.  It describes eligibility, required records, support services provided, transfers, and income guidelines.",,,Options > NYC College Line > Uploaded Resources,X,X,,,,,,,x,X,,,X,X,,,,X,X,X,X,,,,,,,X,,,,,,,,,,,X,,,,,,,,,Options,
SUNY Access Programs Other than EOP,,A list of SUNY colleges and whether the colleges have access programs.  It includes the titles of programs and basic information.,,,Options > NYC College Line > Uploaded Resources,X,X,,,,,,,x,X,,,X,X,,,,,X,X,X,,,,,,,X,,,,,,,,,,,X,,,,,,,,,Options,
Access Programs at New York State Private Colleges Other than HEOP,,A list of access programs at New York State colleges and universities other than HEOP (Higher Education Opportunity Program).  It includes descriptions and contact information.,,,Options > NYC College Line > Uploaded Resources,X,X,,,,,,,x,X,,,X,X,,,,,X,X,X,,,,,,,X,,,,,,,,,,,X,,,,,,,,,Options,
Categories of Colleges and Universities,,"A description of the different types of colleges and universities, including art schools, community colleges, liberal arts schools, technical colleges, single sex colleges, etc.",,,Options > NYC College Line > Uploaded Resources,X,,,,,,,,x,X,,,X,X,,,,X,X,X,,,,,,,,X,,,,,,,,,,,X,,,,,,,,,Options,
Options Student Assessment Tool,,A blank tool for college counselors to collect information about a student.  It can be used to assess a student in order to provide effective and tailored college counseling/advising.,,,Options > NYC College Line > Uploaded Resources,X,X,,,,,,,x,,,,X,,,,,,X,,,,,,,,,X,,,,,,,,,,,X,,,,,,,,,Options,
College Wish List,What Do I Really Want in a College?,"This is a checklist for students to use when trying to determine what qualities they are looking for in a college.  It helps determine what type of setting, academic programs, extracurricular activities, support, and locations a student is looking for.",,,Options > NYC College Line > Uploaded Resources,X,,,,,,,,x,X,,,X,X,,,,X,X,X,,,,,,,,X,,,,,,,,,,,X,,,,,,,,,Options,
Developing a Strategic List of Colleges for Each Student,,"This is a tool for counselors and advisors to help develop strong, well-balanced college lists with their students.  It includes the dos and don'ts of good college lists, the process for creating a list, as well as how to assess difficulty and what college criteria to take into account.",,,Options > NYC College Line > Uploaded Resources,X,X,,,,,,,x,,,,X,,,,,,X,X,,,,,,,,X,,,,,,,,,,,X,,,,,,,,,Options,
Options Tool for Creating a List of Recommended Colleges,,A chart college counselors and advisors can use to create a list of recommended colleges that are a good match for their students.,,,Options > NYC College Line > Uploaded Resources,X,X,,,,,,,x,X,,,X,X,,,,,X,X,X,,,,,,,X,,,,,,,,,,,X,,,,,,,,,Options,
College Research: Important Resources for Counselors,,This document includes resources that college counselors and advisors can use to research colleges and universities.  It describes where to find these tools and what each tool is best used for.,,,Options > NYC College Line > Uploaded Resources,X,X,,,,,,,x,,,,X,,,,,,X,X,,,,,,,,X,,,,,,,,,,,X,,,,,,,,,Options,
Understanding Percentiles and Medians,,"This document clearly and concisely explains percentiles and medians.  It is helpful for understanding grades and scores and how they relate to whether a college is a most, moderately, or least difficult fit (reach, target, or safety).",,,Options > NYC College Line > Uploaded Resources,X,X,,,,,,,x,X,,,X,X,,,,,X,X,,,,,,,,X,,,,,,,,,,,X,,,,,,,,,Options,
What to Look for in a College and Researching Colleges,,"This document helps a student decide what they are looking for in colleges, including factors to keep in mind while exploring.  It also includes a college research guide has information about tools, where to find them, how to use resources, and what to look for.",,,Options > NYC College Line > Uploaded Resources,X,,,,,,,,x,X,,,X,X,,,,,X,X,,,,,,,,X,,,,,,,,,,,X,,,,,,,,,Options,
Postsecondary Fundamentals,,"This is a comprehensive list of types of postsecondary options and definitions, including academic institution types, college settings and types, admissions programs, non-college programs, degrees, and credentials",,,Options > NYC College Line > Uploaded Resources,X,X,,,,,,,x,X,,,X,X,,,,,X,X,,,,,,,,X,,,,,,,,,,,X,,,,,,,,,Options,
Educational Alternatives Programs,,"This is a list of programs that are an alternative to college, including accreditation programs, gap-year programs, apprenticeships, and many more. It includes a brief description of each and is a great resource for counseling students who are not sure if college is the right next step for them.",,,Options > NYC College Line > Uploaded Resources,X,,,,,,,,x,X,X,,X,X,,,,,X,X,,X,,,,,,X,,,,,,,,,,,X,,,,,,,,,Options,
CUNY Special Programs,,"This resource describes various support programs available at CUNY (City University of New York) including CLIP, CUNY Start, ASAP, and immersion programs.  It includes financial, academic, and additional eligibility requirements, and supports provided.",,,Options > NYC College Line > Uploaded Resources,X,X,,,,,,,x,X,,,X,X,,,,,X,X,X,,,,,,,X,,,,,,,,,,,X,,,,,,,,,Options,
College Research Chart,,This helpful tool can be used by college advisors/counselors and students to organize their college research to keep track of different college qualities and whether they match what the student is looking for in a college.,,,Options > NYC College Line > Uploaded Resources,X,X,,,,,,,x,X,,,X,X,,,,,X,X,,,,,,,,X,,,,,,,,,,,X,,,,,,,,,Options,
Student Essays Feedback Chart,,"This chart guides counselors in reviewing and giving feedback on student essays, including first and later drafts.  It is a useful tool for providing detailed and holistic feedback to help improve essays.",,,Options > NYC College Line > Uploaded Resources,,X,,,,,,,x,,,,X,,,,,,X,,X,,,,,,,X,,,,,,,,,,,X,,,,,,,,,Options,
Guide to Giving Feedback on Student Essays for Counselors,,"This document describes the purpose of the college application essay, the counselor's role, and techniques for providing feedback to students on multiple drafts of their essays.",,,Options > NYC College Line > Uploaded Resources,,X,,,,,,,x,,,,X,,,,,,X,,X,,,,,,,X,,,,,,,,,,,X,,,,,,,,,Options,
ARROW Method for Giving Feedback on Essays,,The ARROW Method is a tool for providing constructive feedback on student essays.  It is a helpful tool for counselors/advisors who help students with college admissions essays.,,,Options > NYC College Line > Uploaded Resources,,X,,,,,,,x,,,,X,,,,,,X,,X,,,,,,,X,,,,,,,,,,,X,,,,,,,,,Options,
Helping Students Start a College Essay,,"For many students, the most difficult part of the college essay is starting it - coming up with ideas, knowing the format, outlining, etc.  This tool for counselors and advisors gives suggestions for how to help students start essays.  It also includes a template for a 5 paragraph essay.",,,Options > NYC College Line > Uploaded Resources,,x,,,,,,,x,,,,x,,,,,,x,,x,,,,,,,x,,,,,,,,,,,x,,,,,,,,,Options,
Writing a Recommendation,,This tool includes tips for writing college recommendations for students.  It details the objectives of writing recommendations and how to effectively meet them.  It also includes an outline template.,,,Options > NYC College Line > Uploaded Resources,,X,,,,,,,x,,,,X,,,,,,X,,X,,,,,,,X,,,,,,,,,,,X,,,,,,,,,Options,
Reviewing College Recommendations,,This document includes a chart that is useful for reading and reviewing college recommendations written for students.  It notes items to make sure your recommendation should include to help the student submit the strongest application they can.,,,Options > NYC College Line > Uploaded Resources,,X,,,,,,,x,,,,X,,,,,,X,,X,,,,,,,X,,,,,,,,,,,X,,,,,,,,,Options,
Creating a Resume,,"This tool helps students design, organize, and determine what to include in their resume.  It includes examples and a chart the student can fill out to determine what to include.",,,Options > NYC College Line > Uploaded Resources,,X,,X,,,,,X,X,X,X,X,X,,,,,,,X,X,,,,,X,X,,,,,,,,,,,X,,,,,,,,,Options,
College Interviews,,"This resource helps students with college interviews by describing what to expect, questions that may be asked, how to prepare, and the importance of asking questions.",,,Options > NYC College Line > Uploaded Resources,,X,,,,,,,x,X,,,X,X,,,,,X,,X,,,,,,,X,,,,,,,,,,,X,,,,,,,,,Options,
Extracurricular Activities,Preparing your Activities Resume,This resource describes the importance of extracurricular activities and how to include them in resumes and college applications.,,,Options > NYC College Line > Uploaded Resources,,X,,X,,,,,x,X,,,X,X,,,,,X,,X,X,,,,,,X,,,,,,,,,,,X,,,,,,,,,Options,
Tips for Calling Colleges,,"This document is designed to help students call colleges, which is often necessary during the college application process to confirm that all materials are received, to ask for clarification, and to advocate for oneself.",,,Options > NYC College Line > Uploaded Resources,X,X,X,,,,,,x,X,X,,X,X,X,X,X,X,X,X,X,,X,,,,,X,,,,,,,,,,,X,,,,,,,,,Options,
Sample Transcripts,,"This document includes four sample transcripts that counselors, parents, and students can use to get a sense of what information can be found on a college transcript.",,,Options > NYC College Line > Uploaded Resources,,X,,,,,,,x,X,,,X,X,,,,,X,,X,,,,,,,X,,,,,,,,,,,X,,,,,,,,,Options,
GED Test Overview,,This is the front page of the GED website and covers the basics of the current GED test for counselors and people looking to get their GED.,,,http://www.gedtestingservice.com/educators/current-testing-program,X,X,,,,x,,,,,X,,X,X,,X,,,X,,X,,,,,,,X,,,,,,,,,,,,X,,,,,,,,GED Testing Service,Options
GED FAQ,,"This web page answers many frequently asked questions about the GED test, including information about eligibility, preparation, scoring, testing accommodations, and getting results.",,,http://www.acces.nysed.gov/ged/faq.html,X,X,,,,x,,,,,X,,X,X,,X,,,X,,X,,,,,,,X,,,,,,,,,,,,X,,,,,,,,NYSed.gov,Options
GED Testing Fact Sheet,,"This fact sheet covers the content, history, and use of the GED test.   It also includes data on test takers, scores, and links to more resources.",,,http://dlr.sd.gov/workforce_training/ged_testing_factsheet_2009.pdf,X,X,,,,x,,,,,X,,X,X,,X,,,X,,X,,,,,,,X,,,,,,,,,,,,X,,,,,,,,GED Testing Service,Options
Interpreting GED Test Results,,"This two page document explains the GED scores and how to interpret results on different sections.  It explains the meaning of the numbers, the percentiles, and the other results categories.",,,http://www.acenet.edu/AM/Template.cfm?Section=Search&section=GED_Scores&template=/CM/ContentDisplay.cfm&ContentFileID=5228,X,X,,,,x,,,,,X,,X,X,,X,,,X,,X,,,,,,,X,,,,,,,,,,,,X,,,,,,,,GED Testing Service,Options
Minimum GED Test Scores to be Considered for Admissions at CUNY Colleges,,This document lists the minimum GED scores needed to be considered for admissions at the different CUNY Colleges.,,,http://www.cuny.edu/admissions/undergraduate/downloads/GED-test-scores-2011.pdf,X,X,,,,x,,,,,X,,X,X,,X,,,X,,X,,,,,,,X,,,,,,,,,,,,X,,,,,,,,The City University of New York,Options
SAT Photo Requirements,,This website explains the new photo requirements for SAT test takers.,,,http://sat.collegeboard.org/register/photo-requirements,,X,,,,x,,,,X,,,X,X,,,,,X,,X,,,,,,,X,,,,,,,,,,,,X,,,,,,,,College Board,Options
SAT-Optional Schools,,This website lists 4-year colleges and universities that do not require SAT or ACT scores to be considered for admission.,,,http://www.fairtest.org/university/optional,X,X,,,,x,,,,X,,,X,X,,X,,,X,X,X,,,,,,,X,,,,,,,,,,,,X,,,,,,,,fairtest.org,Options
ACT-SAT Comparability,,This website lists ACT scores and the comprable SAT score allowing quick and easy comparison between SAT and ACT scores.,,,http://www.act.org/aap/concordance/,X,X,,,,x,,,,X,,,X,X,,,,,X,,X,,,,,,,X,,,,,,,,,,,,X,,,,,,,,"ACT, Inc.",Options
TOEFL at a glance,,"This website provides an overview of the TOEFL test, what it is used for, what it entails, who should take it, and other frequently asked questions.",,,http://www.ets.org/Media/Tests/TOEFL/pdf/TOEFL_at_a_Glance.pdf,X,X,,,,x,,,,X,,,X,X,X,,,,X,,X,,,,,,,X,,,,,,,,,,,,X,,,,,,,,TOEFL,Options
Understand Your TOEFL iBT Scores,,This website breaks down TOEFL test scores and what they mean for test takers and advisors.,,,http://www.ets.org/toefl/ibt/scores/understand/,X,X,,,,x,,,,X,,,X,X,X,,,,X,,X,,,,,,,X,,,,,,,,,,,,X,,,,,,,,TOEFL,Options
TOEFL Fee Reduction Service Voucher Request Form 2012-2013,,This is the TOEFL fee reduction voucher request form for 2012-2013 that counselors can fill out to get students a reduced fee on the TOEFL test.,,,http://www.ets.org/s/toefl/pdf/toefl_fee_reduction_voucher_request_form.pdf,X,X,,,,x,,,,X,,,X,X,X,,,,X,,X,,,,,,,X,,,,,,,,,,,,X,,,,,,,,TOEFL,Options
SEEK Overview,,"This website provides an overview of CUNY's SEEK program.  It outlines eligibility requirements, how to apply, and answers to common questions.",,,http://www.cuny.edu/academics/programs/notable/seekcd/seek-overview.html,X,X,,,,x,,,,X,,,X,X,,,,X,X,X,X,,,,,,,X,,,,,,,,,,,,X,,,,,,,,CUNY,Options
College Discovery Overview,,"This website provides an overview of CUNY's College Discovery program.  It outlines eligibility requirements, how to apply, and answers to common questions.",,,http://www.cuny.edu/academics/programs/notable/seekcd/cd-overview.html,X,X,,,,x,,,,X,,,X,X,,,,X,X,X,X,,,,,,,X,,,,,,,,,,,,X,,,,,,,,CUNY,Options
CUNY Admissions Profile Fall 2012,,"This PDF lists the freshman class overview at all CUNY colleges for the incoming and transfer class of 2012.  It includes mean GPA, SAT, and ACT scores, information for Macaulay Honors College, and SEEK/CD information.",,,http://www.cuny.edu/admissions/undergraduate/downloads/Admission-Profile-2012.pdf,X,X,,,,x,,,,X,,,X,X,,,,,X,X,X,,,,,,,X,,,,,,,,,,,,X,,,,,,,,CUNY,Options
SUNY EOP Information Summary 2012,,"This Information Summary lists details and scores for all of the Educational Opportunity Programs (EOP) at SUNY colleges, universities, colleges of technology, and community colleges.  It also includes information on what the EOP is, who is eligible, and EOP income guidelines.",,,https://www.suny.edu/student/downloads/pdf/2013_eop_profile.pdf,X,X,,,,x,,,,X,,,X,X,,,,,X,X,X,,,,,,,X,,,,,,,,,,,,X,,,,,,,,SUNY,Options
HEOP Fact Sheet for 2012,,"This fact sheet provides an overview of the Higher Education Opportunity Program (HEOP), including what it is, who it serves, as well as its history and successes.",,,http://www.highered.nysed.gov/kiap/colldev/HEOP/documents/HEOPTheFacts2-12.pdf,,,,,,x,,,,,,,,,,,,,,,,,,,,,,,,,,,,,,,,,,,,,x,,,,,,
GED Tips for Candidates with Disabilities,,"This pamphlet by the GED Testing Service provides tips and suggestions for people with disabilities to consider before, during, and after taking the test.",,,https://www.google.com/url?q=http://www.ldonline.org/%3Fmodule%3Duploads%26func%3Ddownload%26fileId%3D560&sa=U&ei=j5lHUJiXLcjh0QGrs4GICA&ved=0CAUQFjAA&client=internal-uds-cse&usg=AFQjCNHXRCQKVqG4p49kJxfpe0NFfSO3SQ,X,X,,,,x,,,,,X,,X,X,,X,,,X,,X,X,,,,,,X,,,,,,,,,,,,X,,,,,,,,GED Testing Service,Options
New GED Test Coming in 2014,,This article describes the significance of the changes to the GED in 2014 and includes reactions and suggestions by people in the field.,,,"http://timesdaily.com/stories/new-ged-test-coming-in-2014,185687",X,X,,,,x,,,,,X,,X,X,,,,,X,,X,X,,,,,,X,,,,,,,,,,,,X,,,,,,,,TimesDaily.com,Options
ACE and Pearson Collaborate to Transform GED Test - Press Release,,This press release announces the planned changes to the GED to align it with the Common Core State Standards.,,,http://www.acenet.edu/AM/Template.cfm?Section=Press_Releases2&TEMPLATE=/CM/ContentDisplay.cfm&CONTENTID=40286,X,X,,,,x,,,,,X,,X,X,,,,,X,,X,X,,,,,,X,,,,,,,,,,,,X,,,,,,,,American Council on Education,Options
Diploma Requirements Worksheet,,"This worksheet, developed by the Options Institute, is a tool for students and counselors to check that all requirements for classes and Regents are being met.",,,Options > NYC College Line > Uploaded Resources,X,X,,,,,,,x,X,,,X,X,,,,,X,,X,,,,,,,X,,,,,,,,,,,,X,,,,,,,,Options Institute,
Creating a College-Going Culture Guide,,This is a guide by the College Board on creating a college-going culture in schools.  It gives examples of best practices and tools counselors can use to create an environment in their schools that takes seriously each student's postsecondary potential.,,,http://www.collegeboard.com/prod_downloads/collegeed/collegeEd-create-college-going-culture.pdf,X,X,,,,X,,,,,,,X,,,,,,X,,,,,,,,,X,,,,,,,,,,,,X,,,,,,,,CollegeBoard,Options
How One College Evaluates Transcripts,,"This article from the New York Times, written by the Dean of Admissions at College of the Holy Cross, describes what that college looks for in a transcript.",,,http://thechoice.blogs.nytimes.com/2009/11/30/transcript/,,X,,,,x,,,,,,,X,,,,,,X,,X,,,,,,,X,,,,,,,,,,,,X,,,,,,,,New York Times,Options
College Admissions and GED Tests,,This website provides guidelines and recommendations for how colleges should look at GED candidates that apply to their college/university.,,,http://www.acces.nysed.gov/ged/college_admiss.html,X,X,,,,x,,,,,X,,X,X,,,,,X,,X,X,,,,,,X,,,,,,,,,,,,X,,,,,,,,NYSED.GOV,Options
SAT Fee Waiver FAQ,,"This is the College Board's response to frequently asked questions about the fee waiver for the SAT, including how to obtain and use the waivers.",,,http://professionals.collegeboard.com/testing/waivers/guidelines/sat/faqs,X,X,,,,x,,,,,,,X,,,,,,X,,X,,,,,,,X,,,,,,,,,,,,X,,,,,,,,CollegeBoard,Options
Links to Further Information on Standardized Tests,,"This is a compilation of links to further information on standardized tests including the SAT, ACT, TOEFL, and other tests designed to be used by college counselors and advisers.",,,Options > NYC College Line > Uploaded Resources,X,X,,,,,,,x,,,,X,,,,,,X,,X,,,,,,,X,,,,,,,,,,,X,,,,,,,,,Options Institute,
ACT Fee Waiver Eligibility Requirements,,"This document, created by the ACT, describes eligibility requirements for fee waivers for the ACT including submission forms, distribution forms, and suggestions for advising eligible students.",,,http://media.act.org/documents/feewaiver.pdf,X,X,,,,x,,,,,,,X,,,,,,X,,X,,,,,,,X,,,,,,,,,,,,X,,,,,,,,ACT,Options
Understanding ACT/SAT Comparability ,,This ACT website explains the difficulties of understanding ACT and SAT concordance and is a useful resource when trying to understand ACT scores.,,,http://www.act.org/aap/concordance/understand.html,X,X,,,,x,,,,,,,X,,,,,,X,,X,,,,,,,X,,,,,,,,,,,,X,,,,,,,,ACT,Options
TOEFL Fee Reduction Guidelines and Procedures,,"This site details student eligibility requirements, procedures for counselors, procedures for students, and important information to keep in mind when applying for TOEFL fee reduction.",,,http://www.ets.org/s/toefl/pdf/toefl_fee_reduction_service_guidelines.pdf,X,X,,,,x,,,,,,,X,,X,,,,X,,X,,,,,,,X,,,,,,,,,,,,X,,,,,,,,ETS,Options
New Photo Requirements on SAT Will Not Affect Undocumented Students,,This article on Colorlines.com explains that the new photo ID requirements for the SAT will not affect undocumented students.  It includes a statement from the College Board.,,,http://colorlines.com/archives/2012/03/college_board_new_photo_id_requirements_for_sat_will_not_affect_undocumented_students.html,X,X,,,,x,,,,X,,,X,X,X,,,,X,,X,,,,,,,X,,,,,,,,,,,,X,,,,,,,,Colorlines.com,Options
SAT & ACT New Photo Requirements,,This article from the Washington Post describes how the NY cheating scandal prompted the new photo requirements on the SAT and ACT tests.,,,http://www.washingtonpost.com/national/sat-act-will-require-photo-with-applications-after-ny-cheating-scandal/2012/03/27/gIQAKLT0eS_story.html,X,X,,,,x,,,,X,,,X,X,,,,,X,,X,,,,,,,X,,,,,,,,,,,,X,,,,,,,,Washington Post,Options
HEOP Works,,"This guide was developed by the Higher Education Opportunity Program (HEOP) to inform counselors of the ""numerous opportunities at independent colleges and universities in New York State through the Arthur O. Eve Higher Education Opportunity Program (HEOP)""",,,http://www.highered.nysed.gov/kiap/pdf/HEOPWebBrochure2009.pdf,X,X,,,,x,,,,,,,X,,,,,,X,X,X,,,,,,,X,,,,,,,,,,,,X,,,,,,,,HEOP,Options
What's My GPA on a 4.0 Scale,,"This is a GPA conversion chart that allows students and counselors to convert GPAs on a 100-point scale into GPAs on a 4.0 scale, and to see what letter grade that correlates to.",,,http://inquiry.princetonreview.com/leadgentemplate/GPA_popup.asp,X,X,,,,x,,,,X,,X,X,X,,,,,X,,X,,,,,,,X,,,,,,,,,,,,X,,,,,,,,Princeton Review,Options
CUNY Map,,This is a map of all the colleges and universities in the City University of New York system.,,,http://www.cuny.edu/about/colleges.html,X,X,,,,x,,,,X,,X,X,X,,,,,X,X,,,,,,,,X,,,,,,,,,,,,X,,,,,,,,CUNY,Options
SUNY Map,,This is a map of all the colleges and universities in the State University of New York system.,,,https://www.suny.edu/student/content/map_interactive.htm,X,X,,,,x,,,,X,,X,X,X,,,,,X,X,,,,,,,,X,,,,,,,,,,,,X,,,,,,,,SUNY,Options
Mileage from NYC to SUNY Campuses,,This website lists the mileage and travel time from New York City to all of the SUNY campuses.,,,https://www.suny.edu/student/mrc_mileage.cfm,X,,,,,x,,,,X,,X,X,X,,,,,X,X,,,,,,,,X,,,,,,,,,,,,X,,,,,,,,SUNY,Options
SUNY Admissions Information Summary 2012,,"This PDF lists the freshman class overview at all SUNY colleges for the incoming class of 2012.  It includes enrollment numbers, SAT and ACT scores, mean GPA, and other information about what is available at each campus, including sports.",,,https://www.suny.edu/student/downloads/Pdf/2013_Admissions_qf_stateop.pdf,X,X,,,,x,,,,X,,X,X,X,,,,,X,X,X,,,,,,,X,,,,,,,,,,,,X,,,,,,,,SUNY,Options
SUNY Community College Admissions Information Summary,,"This PDF lists the SUNY community colleges and their enrollment numbers for full-time and part-time students.  It provides information on programs and services provided at each college, including whether student housing is available and what sports teams are at each college.",,,https://www.suny.edu/student/downloads/Pdf/2013_Admissions_qf_cc.pdf,X,X,,,,x,,,,X,X,,X,X,X,,,,X,X,X,,,,,,,X,,,,,,,,,,,,X,,,,,,,,SUNY,Options
SUNY Honors Programs Information Summary 2012,,"This PDF lists the SUNY honors programs by college and university type.  It includes undergraduate and freshman enrollment numbers; mean SAT scores, ACT scores, and GPA; and the contact person at each program.",,,https://www.suny.edu/student/downloads/Pdf/2013_honors_programs.pdf,X,X,,,,x,,,,X,,,X,X,,,,,X,X,X,,,,,,,X,,,,,,,,,,,,X,,,,,,,,SUNY,Options
Proprietary Schools: Making the Numbers Count,,"This publication by the National Consumer Law Center explains the data around proprietary schools, the risk the data show for students, and what can be done about it.",,,http://www.studentloanborrowerassistance.org/blogs/wp-content/www.studentloanborrowerassistance.org/uploads/File/ProprietarySchoolsReport.pdf,X,,,,,x,,,,X,,,X,X,,,,,X,X,,,,,,,,X,,,,,,,,,,,,X,,,,,,,,National Consumer Law Center,Options
List of Proprietary Colleges in New York State,,This is a list of New York State proprietary colleges and university campuses.,,,http://www.studyinnewyork.com/college-search/proprietary-college-university-ny-state.htm,X,,,,,x,,,,X,,,X,X,,,,,X,X,,,,,,,,X,,,,,,,,,,,,X,,,,,,,,Study in New York.com,Options
Database of Accredited Postsecondary Institutions and Programs,,"This is the front page of the database of accredited postsecondary institutions and programs.  It explains the role of accreditation, has a short explanation of the database, and provides a link to search the database or download a full list of accredited programs.",,,http://ope.ed.gov/accreditation/,X,X,,,,x,,,,X,X,,X,X,,,,,X,X,,X,,,,,,X,,,,,,,,,,,,X,,,,,,,,US Department of Education,Options
Definitions of Admission Options in Higher Education,,"This document, developed by the National Association for College Admision Counseling (NACAC), describes the different admission types - including Early Decision, Early Action, and Regular Decision - and which process best suits which students.",,,http://www.nacacnet.org/research/PublicationsResources/Marketplace/Documents/AdmisOptFlyer.pdf,,X,,,,x,,,,X,,,X,X,,,,,X,,X,,,,,,,X,,,,,,,,,,,,X,,,,,,,,NACAC,Options
ASAP Brochure,,"This is the brochure for CUNY's Accelerated Study in Associate Programs.  It includes an overview, information about how to apply, and details about selection criteria.",,,http://www.cuny.edu/academics/programs/notable/asap/about/ASAP_2011_Brochure_DRAFT.pdf,X,X,,,,x,,,,X,,,X,X,,,,,X,X,X,,,,,,,X,,,,,,,,,,,,X,,,,,,,,CUNY,Options
CLIP Student Information Sheet,,"This is the informational sheet for students about the CUNY Language Immersion Program.  It provides an overview, fees, locations, and other basic information about the program.",,,http://clip.cuny.edu/Public/Assets/CLIP_Info.pdf,X,X,,,,x,,,,X,,,X,X,X,,,,X,X,X,,,,,,,X,,,,,,,,,,,,X,,,,,,,,CUNY,Options
About CUNY Start,,This website provides an overview of CUNY's Start program.  It describes who the program is for and describes full time and part time enrollment options.,,,http://www.cuny.edu/academics/programs/notable/CATA/cti-cunystart/about.html,X,X,,,,x,,,,X,,,X,X,,,,,X,X,X,,,,,,,X,,,,,,,,,,,,X,,,,,,,,CUNY,Options
CUNY Start FAQ,,"This is the Frequently Asked Questions page from CUNY Start's website.  It answers a range of questions about enrollment, eligibility, and provides more information about the program before, during, and after entering CUNY Start.",,,http://www.cuny.edu/academics/programs/notable/CATA/cti-cunystart/faqs.html,X,X,,,,x,,,,X,,,X,X,,,,,X,X,X,,,,,,,X,,,,,,,,,,,,X,,,,,,,,CUNY,Options
Hamilton College's Resume Guide,,"This guide to writing resumes, developed by Hamilton College, includes tools for students writing resumes for jobs or when applying to college.  It includes an overview of the format, content, and style of resumes; a brainstorm section; a list of action verbs to use; and sample resumes.",,,http://www.hamilton.edu/documents/ResumeGuide%20Summer%202011revised.pdf,,X,,,,X,,,X,X,,X,X,X,,,,,X,,X,X,,,,X,X,X,,,,,,,,,,,,X,,,,,,,,Hamilton College,Options
College Contact Log,,"This sheet is designed for students to use when they call colleges.  It includes space for students to write the questions they will ask, record the answers, note contacts, and fill in next steps.",,,Options > NYC College Line > Uploaded Resources,X,X,X,,X,X,,,,X,X,,X,X,,,,,X,X,X,X,,,,,,X,,,,,,,,,,,X,,,,,,,,,Options Institute,
Tips for Writing Letters of Recommendation,,"A list of tips ""to save [recommendation writers] time and improve [their] letters of recommendation.""",,,http://www.accepted.com/college/lettersrec.aspx,,X,,,,,,,x,,,,X,,,,,,X,,X,,,,,,,X,,,,,,,,,,,,X,,,,,,,,ACCEPTED.COM,Options
College Recommendations,,A list of guidelines for securing teacher recommendation letters.,,,http://school.familyeducation.com/college/educational-counseling/56208.html,,X,,,,x,,,,X,,,,X,,,,,X,,X,,,,,,,X,,,,,,,,,,,,X,,,,,,,,Familyeducation.com,Options
Time is the Enemy,,A report on the surprising truth about why today's college students aren't graduating and what needs to change.,,,http://www.completecollege.org/docs/Time_Is_the_Enemy_Summary.pdf,X,X,,,X,,,,X,,X,X,X,,X,,,,,,,X,,X,,,,,,,,,,,,,,,,,X,,,,,,,,
College Planning Handbook,,"This comprehensive planning guide includes detailed information to help you  find schools that meet your needs, as well as support to navigate the college application process.  It includes guidance from New York City high school graduates.",,,http://schools.nyc.gov/NR/rdonlyres/9BD47E57-EF8E-4BDA-95E3-893BDA0FBC94/0/CollegeHandbook52912.pdf,X,X,X,,,X,?,,,,,,,,,X,X,X,X,,,,,X,,,,,,,,,,,,,,,X,,,,,,,,,New York City Department of Education,New York City Department of Education
New York City High School Graduation Requirements,,This double-sided guide lays out the credit requirements and examination requirements to graduate from New York City Public Schools. ,,,http://schools.nyc.gov/NR/rdonlyres/215FF06B-DCA3-442B-89DF-18E674DC867E/0/Acpolicygened.pdf,X,X,,,,X,,,X,X,,,,,,,,,,,,,,X,X,X,X,X,X,X,X,X,X,,X,,,,X,,,,,,,,,New York City Department of Education,New York City Department of Education
New York City High School Graduation Requirements for Students with Disabilities,,This double-sided guide lays out the credit requirements and examination requirements for graduation options available to students with disabilities in New York City Public Schools. ,,,http://schools.nyc.gov/NR/rdonlyres/531C5296-BC35-43E0-BD29-2D7E29BAB2C7/0/AcpolicySWD.pdf,X,X,,,,X,,,X,X,,X,,,,,,,,,,,,X,X,X,X,X,X,X,X,X,X,,X,,,,X,,,,,,,,,New York City Department of Education,New York City Department of Education
New York City High School Graduation Requirements for Career and Technical Education Students,,This double-sided guide lays out the credit requirements and examination requirements for graduation options available to students enrolled in approved Career and Technical Education programs in New York City Public Schools. ,,,http://schools.nyc.gov/NR/rdonlyres/08C0212C-888B-4486-9C90-919CE8FBB285/0/AcpolicyCTE.pdf,X,X,,,,X,,,X,X,,,,,,,,,,,,,,X,X,X,X,X,X,X,X,X,X,,X,,,,X,,,,,,,,,New York City Department of Education,New York City Department of Education
